id;nama_parfum;brand;gender_target;concentration;top_notes;middle_notes;base_notes;main_accords;waktu_penggunaan;occasion;cuaca_musim;longevity;sillage;description;rating_value;rating_count;harga;url_produk
d5f8e6db-a42d-4f6b-8e5b-f489b0ddba2c;Mykons Monaco Royal x Ade Setiawan Extrait 50ml;Mykons;Pria;Extrait de Parfum;N/A;N/A;N/A;N/A;N/A;N/A;N/A;Sangat Tahan Lama (8+ jam);N/A;"Mykons Monaco Royal x Ade Setiawan Extrait 50ml App 3.8 (11) Rp 49.750 Rp225.000 -78% Pilihan pengiriman : DKI Jakarta, Kota Jakarta Barat, Cengkareng UBAH Dijamin tiba 11-16 Mei Standar,with shipping fee Rp15.500 Pengembalian & Garansi : Berubah Pikiran � Pengembalian Gratis 7 Hari � Garansi tidak tersedia Kuantitas: Beli sekarang Tambah ke troli Share Like";0;0;Rp49.750 ;https://www.lazada.co.id/products/pdp-i8602774671.html
a3eb2bef-e1f0-4196-a715-17e708e38bcd;Scarlett Whitening Eau De Parfum 30ml;SCARLETT;Pria;Eau de Parfum (EDP);N/A;N/A;N/A;Gourmand;N/A;N/A;N/A;Tahan Lama (4-8 jam);Kuat (Moderate-Heavy);"SCARLETT WHITENING EAU DE PARFUM (EDP) 30ML SERIES ( READY ALL VARIAN AROMA ) App 4.1 (190) Rp 8.800 Pilihan pengiriman : DKI Jakarta, Kota Jakarta Barat, Cengkareng UBAH Dijamin tiba 10-15 Mei Standar,with shipping fee Rp15.500 Pengembalian & Garansi : Berubah Pikiran � Pengembalian Gratis 7 Hari � Garansi tidak tersedia VARIAN: EDP SWEET MEMORIES EDP DREAMY EDP SWEET MEMORIES EDP EUPHORIA EDP PASSIONATE LA FOREST FAIRY WONDERLAND GOLDEN ELIXIR VELVET ROUGE BIRU SAMUDRA GARDEN OF WHISPER PURPLE KISS BANANA FUSHION CARAMEL LATTE JOLLY PISTACHIO CRUSH TEA AMOR Kuantitas: Beli sekarang Tambah ke troli Share Like";0;0;Rp8.800 ;https://www.lazada.co.id/products/pdp-i8782000505.html
f774e24f-5a7a-46b1-abdf-a8f84f77be6e;Roll On Perfume Non Alcohol 7ml;7ml;Pria;Parfum;N/A;N/A;N/A;"Floral, Citrus";Malam;Sport / Outdoor;N/A;Tahan Lama (4-8 jam);Dekat (Skin Scent);"parfum roll on 7ml non alkohol 100% terlaris harga murmer App 5 (76) Rp 2.850 Rp13.500 -79% Promosi: Rp8.000 Pilihan pengiriman : DKI Jakarta, Kota Jakarta Barat, Cengkareng UBAH Dijamin tiba 10-15 Mei Standar,with shipping fee Rp9.000 Pengembalian & Garansi : Berubah Pikiran � Pengembalian Gratis 7 Hari � 30 Tahun Garansi Distributor Resmi Setempat Volume: 7 ml 7 ml Aroma: black 0pium neon durian gren tea bubble gum gasby silver helo kity anggur eneternity man casablanka agnes monica vanila cake zara swit victoria romantis victoria boomsel 1000 bunga 2000 bunga kasturi malaikat subuh kasturi putih misik putih zara red vanila drakar sultan spalding sabaya soft lux mont blacn legend kenzo daun ola ramlan paris hilton nagita one derection polo sport raffi ahmad paris sirren paris hiiries v.screet victoria scandalous jesika parker taylor swift escada cery dior suvage escada sexy escada moon sprkle gues pink garuda bluebery grey jay rose hugo boss incanto harajuku love gucci kenzo bali kenzo batang jilo steel jo malone angle heart aQua degio aigner blue ana sui dream black 0pium neon BCL axe cokalat bacarat bulgari aQua bulgari extrim coffe capucinho ck bee cudle midnight fanstasy britney fantasy Stroberi Anggrek lovely avril Jeruk Melon D&G dunhil blue black 0pium jaguar man 212 vip man aigner black selena gomes pramugari lamborgini balQis dov1dov d100r seve9 m1ss d10rr Kuantitas: Beli sekarang Tambah ke troli Share Like";0;0;Rp2.700 ;https://www.lazada.co.id/products/pdp-i18830370996.html
2cd682fd-0fd4-4dcd-b6a4-c4d1cc753824;Gentlemen Fragrance Perfume;Gentelmen;Pria;Parfum;N/A;N/A;N/A;N/A;N/A;N/A;N/A;Sangat Tahan Lama (8+ jam);N/A;"gentelmen parfum pria pemikat wanita terlaris wangi dan tahan lama App 4.4 (2723) Rp32.000 Rp90.000 -64% Promosi: Rp1.000 Pilihan pengiriman : DKI Jakarta, Kota Jakarta Barat, Cengkareng UBAH Dijamin tiba 10-15 Mei Standar,with shipping fee Rp15.500 Pengembalian & Garansi : Berubah Pikiran � Pengembalian Gratis 7 Hari � Garansi tidak tersedia Volume: RULES 2 gratis 1 1 gratis 1 gentelmen 2 varian davat 2 DAPAT 3 VARIAN gentelmen rules RULES 1 gratis 1 RULES 2 gratis 1 Kuantitas: Beli sekarang Tambah ke troli Share Like";0;0;Rp10.000 ;https://www.lazada.co.id/products/pdp-i7938414598.html
d4395a97-3094-43e8-abc9-a522d1b9eb86;Bubble Gum Perfume 30ml;Parfume;Pria;Parfum;N/A;N/A;N/A;"Fresh, Gourmand";N/A;N/A;N/A;Tahan Lama (4-8 jam);N/A;"Parfume Aroma Buble Gum/Permen Karet Parfume Pria Dan Wanita Unisex Wangi Aroma Manis Segar Isi 30.Ml App 4.5 (314) Rp 10.648 Rp30.000 -65% Promosi: Rp900 Pilihan pengiriman : DKI Jakarta, Kota Jakarta Barat, Cengkareng UBAH Dijamin tiba 11-16 Mei Standar,with shipping fee Rp9.000 Pengembalian & Garansi : Berubah Pikiran � Pengembalian Gratis 7 Hari � Garansi tidak tersedia Volume: 30.ML 30.ML 20.ML 15.ML Kuantitas: Beli sekarang Tambah ke troli Share Like";0;0;Rp6.310 ;https://www.lazada.co.id/products/pdp-i8326094201.html
8bab1541-346a-4395-b5fa-7d9f5abbbdc1;Bubblegum Vanilla Cake Royal Black Opium Bundle;TERMURAH;Pria;Parfum;N/A;N/A;N/A;Oriental;N/A;N/A;N/A;Tahan Lama (4-8 jam);N/A;"TERMURAH PAKET 3 BOTOL | BUNDLING PARFUM BUBBLEGUM - VANILLA CAKE - ROYAL BLACK OPIUM PARFUM PRIA/WANITA 30 ML App 4.5 (6842) Rp 8.900 Rp25.000 -64% Pilihan pengiriman : DKI Jakarta, Kota Jakarta Barat, Cengkareng UBAH Dijamin tiba 10-15 Mei Standar,with shipping fee Rp15.500 Pengembalian & Garansi : Berubah Pikiran � Pengembalian Gratis 7 Hari � Garansi tidak tersedia VARIASI: BUBBLEGUM 1 BUBBLEGUM 1 ROYAL BLACK OPIUM 1 VANILLA CAKE 1 ALL VARIAN Kuantitas: Beli sekarang Tambah ke troli Share Like";0;0;Rp8.900 ;https://www.lazada.co.id/products/pdp-i8253020730.html
0be0337a-70e7-40af-901d-24c0ee2caab4;Kids Baby Clothes Perfume 100ml;Best;Pria;Body Mist;N/A;N/A;N/A;"Oriental, Gourmand, Fruity";N/A;N/A;N/A;Sangat Tahan Lama (8+ jam);N/A;"TERLARIS [Beli 1 Gratis 1] Parfum Baju Anak Kids Baby 100ml / Parfume BodyMist Wanita Pria Tahan Lama App 4.3 (36) Rp 15.000 Rp18.500 -19% Pilihan pengiriman : DKI Jakarta, Kota Jakarta Barat, Cengkareng UBAH Dijamin tiba 10-15 Mei Standar,with shipping fee Rp15.500 Pengembalian & Garansi : Berubah Pikiran � Pengembalian Gratis 7 Hari � Garansi tidak tersedia Varian 1: Sweet Vanilla MyBabyy Zwitsall Jonsohn Vanilla Cake Vanilla Mango Bubble Gum Peachy Baby Cotton Candy Popcorn Caramel Grape Fruit Strawberry Chocolate Japanese Cherry Sweet Vanilla PILIH GRATIS 1: Zwitsal Zwitsal Vanilla Cake MyBaby Jonsohn Peachy Baby Bubble Gum Request dicatatan Kuantitas: Beli sekarang Tambah ke troli Share Like";0;0;Rp15.000 ;https://www.lazada.co.id/products/pdp-i18815387655.html
9a0dd27b-32bc-4bc0-b503-663eec951972;Scandalove Perfume 35ml;Scandalove;Pria;Parfum;N/A;N/A;N/A;Fruity;N/A;N/A;N/A;Sangat Tahan Lama (8+ jam);N/A;"parfum pria wanita scandalove tahan lama 35ml Terlaris A1 App 1 (2) Rp 12.000 Rp45.000 -73% Pilihan pengiriman : DKI Jakarta, Kota Jakarta Barat, Cengkareng UBAH Dijamin tiba 10-15 Mei Standar,with shipping fee Rp15.500 Nikmati diskon ongkir hingga Rp8.000 dengan beli min. 74000 produk. Pengembalian & Garansi : Berubah Pikiran � Pengembalian Gratis 7 Hari � Garansi tidak tersedia Aroma: Blue hill Scandalove Blue hill Black opium Pop corn Pink berry Romanwish Kuantitas: Beli sekarang Tambah ke troli Share Like";0;0;Rp12.000 ;https://www.lazada.co.id/products/pdp-i18832628512.html
f9e90732-d01e-4627-9f0f-f0d94c2bf2dc;Best Perfume for Men and Women;Best;Pria;Parfum;N/A;N/A;N/A;N/A;Seharian;N/A;N/A;Tahan Lama (4-8 jam);N/A;"parfum pria wanita terbaik App 5 (6) Rp 72.244 Promosi: Rp3.000 Pilihan pengiriman : DKI Jakarta, Kota Jakarta Barat, Cengkareng UBAH Dijamin tiba 11-16 Mei Standar,with shipping fee Rp14.000 Pengembalian & Garansi : Berubah Pikiran � Pengembalian Gratis 7 Hari � Garansi tidak tersedia Kuantitas: Beli sekarang Tambah ke troli Share Like";0;0;Rp72.244 ;https://www.lazada.co.id/products/pdp-i18826688519.html
43480f25-bce3-4c30-b386-8d30d21fad2b;Mr Crush Gold & Black Perfume Bundle;Mens;Pria;Eau de Parfum (EDP);N/A;N/A;N/A;N/A;N/A;N/A;N/A;Sangat Tahan Lama (8+ jam);Kuat (Moderate-Heavy);"PARFUM COWOK TAHAN LAMA BELI 1 DAPAT 4 TERLARIS MR CRUSH GOLD & MR CRUSH BLACK,H12NY GOLD, STAYCATION, SIDDE EFfeCT EDITION EAU DE PARFUM 35ML App 4.2 (1361) Rp 6.664 Rp14.621 -54% Promosi: Rp2.000 Beli 4 diskon Rp2.500 Pilihan pengiriman : DKI Jakarta, Kota Jakarta Barat, Cengkareng UBAH Dijamin tiba 10-15 Mei Standar,with shipping fee Rp14.500 Pengembalian & Garansi : Berubah Pikiran � Pengembalian Gratis 7 Hari � 1 Bulan Garansi Pusat Layanan Resmi Setempat PROMO MR.CRUSH GOLD & MR CRUSH BLACK: MR.CRUSH BLACK 1 PCS MR.CRUSH BLACK 1 PCS MR.CRUSH BLACK 2 PCS MR.CRUSH BLACK 3 PCS MR.CRUSH GOLD 1 PCS MR.CRUSH GOLD 2 PCS MR.CRUSH GOLD 3 PCS PROMO PAKET ISI 3pcs SIDE EFFECT 3PCS PARFUM VIRAL 4 PCS paket lengkap isi 5 Kuantitas: Beli sekarang Tambah ke troli Share Like";0;0;Rp26.784 ;https://www.lazada.co.id/products/pdp-i8193874350.html
976b82f0-b1d1-49b1-a5aa-67d552d403d3;Victoria Secret Scandalous Perfume;Parfum;Pria;Parfum;N/A;N/A;N/A;N/A;N/A;N/A;N/A;Sangat Tahan Lama (8+ jam);N/A;"Parfum Victoria secret scandalous/parfum wanita/parfum tahan lama/parfum refill non alkohol App 4.9 (5808) Rp 30.000 Rp42.000 -29% Promosi: Beli 2 diskon 3%. Beli 3 diskon 4%. Beli 4 diskon 5% Pilihan pengiriman : DKI Jakarta, Kota Jakarta Barat, Cengkareng UBAH Dijamin tiba 10-15 Mei Standar,with shipping fee Rp9.000 Pengembalian & Garansi : Berubah Pikiran � Pengembalian Gratis 7 Hari � Garansi tidak tersedia Volume: 35 35 25 100 55 15 Aroma: Victoria secret scandalous Victoria secret scandalous Kuantitas: Beli sekarang Tambah ke troli Share Like";0;0;Rp12.500 ;https://www.lazada.co.id/products/pdp-i5105506958.html
a40bbb6b-4883-476d-8d50-a73a6ee9d558;Roll On Perfume 1 Dozen;Cheap;Pria;Parfum;N/A;N/A;N/A;N/A;N/A;N/A;N/A;Tahan Lama (4-8 jam);N/A;"Parfume Roll On 12 Botol/Lusin Murah App 4.7 (3119) Rp 30.000 Rp35.000 -14% Pilihan pengiriman : DKI Jakarta, Kota Jakarta Barat, Cengkareng UBAH Dijamin tiba 10-16 Mei Standar,with shipping fee Rp14.500 Belanjakan setidaknya Rp380.000 untuk menikmati diskon pengiriman Rp8.000 Pengembalian & Garansi : Berubah Pikiran � Pengembalian Gratis 7 Hari � 15 Bulan Tidak Ada Garansi Aroma: isi 12 botol isi 6 botol isi 12 botol Kuantitas: Beli sekarang Tambah ke troli Share Like";0;0;Rp16.000 ;https://www.lazada.co.id/products/pdp-i6191560181.html
df5b5566-b201-401d-821e-4ee0979acbb1;Roll On Perfume Non Alkohol 7ml;Parfum;Pria;Parfum;N/A;N/A;N/A;"Floral, Citrus, Oriental, Gourmand";N/A;N/A;N/A;Tahan Lama (4-8 jam);N/A;"Parfum Roll On Pria & Wanita Non Alkohol 7ml Beli 30 pcs Free 1 Tatakan App 4.7 (4814) Rp 3.000 Rp5.000 -40% Pilihan pengiriman : DKI Jakarta, Kota Jakarta Barat, Cengkareng UBAH Dijamin tiba 10-15 Mei Standar,with shipping fee Rp9.000 Pengembalian & Garansi : Berubah Pikiran � Pengembalian Gratis 7 Hari � Garansi tidak tersedia Aroma: Maher Zeen Maher Zeen Coffe Melati Gren Tea Seplading Bubble Gume Bacarat Body pink cifuunk Britnay fantastic Dallal Coklat Dhunil Blue Eternity Man Doeny Black Cassablanca Jeruk Kz.Batang Buah Jeruk Axe Avril A.Black A.Blue Bulgari Exstrime B.Aqua Stroberi Tailor Swiift D&G Sissi Sooft Escada Cherry Angel Heart Amber Sarah j Parker Love Sarah Lux Paris Shiren Jillo Stile Gatsby Zwitsal Zahra Sweet Ola Ramlan Romanwish Nagita Rafi Ahmad Selena Gomes Jesica lovely Monalisa Kz. Daun M.Subuh Kasturi Kuantitas: Beli sekarang Tambah ke troli Share Like";0;0;Rp2.390 ;https://www.lazada.co.id/products/pdp-i7227888917.html
ce0e5be5-54b0-4a68-b0e2-803361d3a69f;Parfum Paket Isi 4 Botol 35ml;parfum;Pria;Parfum;N/A;N/A;N/A;N/A;N/A;N/A;N/A;Tahan Lama (4-8 jam);N/A;"parfum pria wanita 1 paket isi 4 botol 35.ml App 4.4 (820) Rp 30.000 Pilihan pengiriman : DKI Jakarta, Kota Jakarta Barat, Cengkareng UBAH Dijamin tiba 12-18 Mei Standar,with shipping fee Rp16.000 Pengembalian & Garansi : Berubah Pikiran � Pengembalian Gratis 7 Hari � Garansi tidak tersedia Volume: 4 parfum wanita 4 parfum pria 4 parfum wanita 2 p. pria & 2 wnita 2 parfum pria 2 parfum wanita Kuantitas: Beli sekarang Tambah ke troli Share Like";0;0;Rp14.900 ;https://www.lazada.co.id/products/pdp-i8125038529.html
5b08815e-cfdd-4805-93fe-8434b0e533cb;Perfume 35ml Men & Women;Men's;Pria;Parfum;N/A;N/A;N/A;"Floral, Oriental, Gourmand, Fruity";Pagi / Siang;Date / Romantic;N/A;Tahan Lama (4-8 jam);N/A;"parfum lelabo 35ml beseller pria dan wanita App 4.7 (1625) Rp 8.500 Promosi: Beli 2 diskon 3%. Beli 4 diskon 5% Pilihan pengiriman : DKI Jakarta, Kota Jakarta Barat, Cengkareng UBAH Dijamin tiba 11-16 Mei Standar,with shipping fee Rp15.000 Pengembalian & Garansi : Berubah Pikiran � Pengembalian Gratis 7 Hari � Garansi tidak tersedia aroma: daysi nagita slavina vanila cake black opium baccarat swiss scandal secret romantic wish sweet vanila vanilla popcorn taylor swift peachy baby scarlett bulgari omnia aqua kiss sweet like candy cherry blossom pink chifon bomshell bulgari aqua j-lo platinum jay rose grey 212 vip man girl in paris red sabaya english pear dior savauge zara man black miss dior daysi gucci flora coco milk sarah love blue hill cristian dior smokey rose dyptique capitale boss bottle bad boy doli girl bald afrique blue jag alaska coach africanus gypsi water les sorbet miu miu guess pink cara mia louwee 001 Kuantitas: Beli sekarang Tambah ke troli Share Like";0;0;Rp8.500 ;https://www.lazada.co.id/products/pdp-i7710214540.html
1bfc3b78-5a64-4916-a336-e172fba7a53c;Scarlett Inspired Perfume 30ml;Trending;Pria;Extrait de Parfum;N/A;N/A;N/A;Gourmand;N/A;N/A;N/A;Sangat Tahan Lama (8+ jam);N/A;"Trending Parfum Scarlett 30ml Parpum Viral - Parfume Inspired Scarlett Extrait de Perfume App 4 (79) Rp 11.500 Rp41.000 -72% Pilihan pengiriman : DKI Jakarta, Kota Jakarta Barat, Cengkareng UBAH Dijamin tiba 11-16 Mei Standar,with shipping fee Rp15.500 Pengembalian & Garansi : Berubah Pikiran � Pengembalian Gratis 7 Hari � Garansi tidak tersedia Varian: Garden of Whisper Dreamy Sweet Memorioes Passionate Euphoria LaForet Fairy Wonderland Velvet Rouge Biru Samudra Garden of Whisper Purple Kiss Kuantitas: Beli sekarang Tambah ke troli Share Like";0;0;Rp11.500 ;https://www.lazada.co.id/products/pdp-i18821221587.html
5f095a5b-ff83-4b47-8fb0-43428c1e0c13;Aigner Black Perfume Oil;Aigner;Pria;Parfum;N/A;N/A;N/A;N/A;N/A;N/A;N/A;Sangat Tahan Lama (8+ jam);N/A;"Parfum refill pria aigner black/minyak wangi maskulin premium elegan dan tahan lama premium App 4.7 (194) Rp 95.000 Rp175.000 -46% Promosi: 5% Diskon Pilihan pengiriman : DKI Jakarta, Kota Jakarta Barat, Cengkareng UBAH Dijamin tiba 10-15 Mei Standar,with shipping fee Rp9.000 Pengembalian & Garansi : Berubah Pikiran � Pengembalian Gratis 7 Hari � Garansi tidak tersedia Volume: 100 ml 25 ml 35 ml 55 ml 100 ml Kuantitas: Beli sekarang Tambah ke troli Share Like";0;0;Rp48.000 ;https://www.lazada.co.id/products/pdp-i7000858284.html
0462a5ae-db16-4c54-b00c-7b2b9c43e63a;Amanda Manopo Perfume;Amanda;Pria;Parfum;N/A;N/A;N/A;N/A;Seharian;N/A;N/A;Sangat Tahan Lama (8+ jam);N/A;"Parfum amanda manopo tahan lama 24 jam ori/ Minyak Wangi Cewek Ninggalin Jejak App 4.8 (1077) Rp 8.000 Rp25.000 -68% Promosi: Rp1.500 Pilihan pengiriman : DKI Jakarta, Kota Jakarta Barat, Cengkareng UBAH Dijamin tiba 10-15 Mei Standar,with shipping fee Rp9.000 Pengembalian & Garansi : Berubah Pikiran � Pengembalian Gratis 7 Hari � 1 Bulan Garansi Penjual Variation3: 3ml vial 20ml spray 30ml spray 100ml spray 10ml roll on 15ml spray 50ml spray 3ml vial Kuantitas: Beli sekarang Tambah ke troli Share Like";0;0;Rp32.000 ;https://www.lazada.co.id/products/pdp-i5585068483.html
f4891d75-f2ba-4f47-97ad-5eda9db9e24e;Perfume Refill 30ml;PARFUME;Pria;Parfum;N/A;N/A;N/A;"Citrus, Fruity, Green";N/A;N/A;N/A;Tahan Lama (4-8 jam);N/A;"PARFUME REFILL 30ML BERKUALITAS WANGI BISA REQUEST App 4.7 (1103) Rp 11.000 Rp12.000 -8% Pilihan pengiriman : DKI Jakarta, Kota Jakarta Barat, Cengkareng UBAH Dijamin tiba 11-16 Mei Standar,with shipping fee Rp9.000 Pengembalian & Garansi : Berubah Pikiran � Pengembalian Gratis 7 Hari � Garansi tidak tersedia Aroma: B4CC4R4T REQUEST 4VR1L L4V1GN3 GU3S Y3LL0W B4CC4R4T V1CT0R14 R0M4NT1C SC4RL3T BL4CK 0PIUM DNG 1MPER4TR1CE 4NG3L HE4RT VICT0R14 SC4ND4L0US GUC1 G4RDENI4 GREENTE4 BULG4R1 4QU4 BULG4R1 XTREM 4IGNER BL4CK 4IGNER BLU3 SELEN4 G0MES P4R1S H1LT0N P4R1S HE1RES P4R1S P4SP0RT M4HER ZEN J4GU4R BLU3 B0S ENERG1SE INC4NT0 SH1N3 J0M4LONE ENGL1SH JL0 ST1LL M0UNTBL4NC L3G3ND BUBL3 G4M STR4WBERRY Jeruk MEL0N JAMBU DI0R S4UV4G3 D4NH1L BLU3 212 M4N Z4R4 SW33T H34RT Z4R4 R3D V4N1L4 4NN4SU1 DR34MS S4R4H J3SS1C4 D4VID4F M4N LUX CUDDLE ZW1TSAL ESC4D4 CH3RY ESC4D4 M4GNETISM ESC4D4 S3XY GR4V1TY S0FT V4NIL4 4XE 4L4SC4 B0C K0PI 4NT0NI0 B4ND3R4S P0L0 SP0RT 0LL4 C1TR4 1SSEY M1Y4KE BURB3RY L4DY 3T3RN1TY M4N V1CT0R14 4QU4 K1SS VICT0R14 B0MBSH3L V1CT0R14 S0 S3XY PL4Y B0Y V1P P4R1S S1REN PR4MUG4R1 GR3Y J4ER0SE N4GIT4 SL4VIN4 R4FF1 4HM4D 4RI4N4 GR4NDE L0VELY C0KL4T C4PUC1N0 C0C0NUT CH3RY BL0SS0M M1SS D10R BL00MING P0L1CE G4RUD4 G4TSBY CK 0N3 DNG L1GHT BLU3 V4N1L4 L4C3 0NE D1RECT10N B0S 1NM0NT10N ESC4D4 M00NSP4RKLE V3RS4CE 3R0S V3RS4CE CR1ST4L BURBERRY M4N D4VID0F L4DY Z4R4 0RCHID Z4R4 M4N T4YL0R SW1FT P4RIS HE1RES P1NK CH1FF0N Kuantitas: Beli sekarang Tambah ke troli Share Like";0;0;Rp11.000 ;https://www.lazada.co.id/products/pdp-i8614834523.html
c50a75a3-cdd2-4859-a8e9-9eb93d52f20f;Nagita Slavina Perfume;Parfum;Pria;Parfum;N/A;N/A;N/A;N/A;N/A;N/A;N/A;Sangat Tahan Lama (8+ jam);N/A;"Parfum wanita Nagita slavina /Minyak wangi refill non alkohol Harum Tahan lama App 4.6 (354) Rp 45.000 Rp85.000 -47% Promosi: 5% Diskon Pilihan pengiriman : DKI Jakarta, Kota Jakarta Barat, Cengkareng UBAH Dijamin tiba 10-15 Mei Standar,with shipping fee Rp9.000 Pengembalian & Garansi : Berubah Pikiran � Pengembalian Gratis 7 Hari � Garansi tidak tersedia Volume: 55ml 35ml 55ml 100ml Kuantitas: Beli sekarang Tambah ke troli Share Like";0;0;Rp45.000 ;https://www.lazada.co.id/products/pdp-i7565600240.html
c244b42c-cda7-46c0-b318-b4023e473aed;Scarlett Extrait De Parfum;SCARLETT;Pria;Extrait de Parfum;N/A;N/A;N/A;Gourmand;N/A;N/A;N/A;Sangat Tahan Lama (8+ jam);N/A;"SCARLETT - Eau De Parfum / Extrait De Parfum inspired tanpa dus App 3.4 (68) Rp 9.900 Pilihan pengiriman : DKI Jakarta, Kota Jakarta Barat, Cengkareng UBAH Dijamin tiba 10-15 Mei Standar,with shipping fee Rp15.500 Pengembalian & Garansi : Berubah Pikiran � Pengembalian Gratis 7 Hari � Garansi tidak tersedia Varian: Pistachio Crush La Foret Fairy Velvet Rouge Kilau Samudra Golden Elixir Biru Samudra Sweet Memories Garden Of Whisper Purple Kiss Dreamy Passionate Euphoria Wonderland Banana Fusion Caramel Latte Jolly Tea Amor Pistachio Crush Kuantitas: Beli sekarang Tambah ke troli Share Like";0;0;Rp9.900 ;https://www.lazada.co.id/products/pdp-i8778986032.html
f9cf92f7-def8-459c-9846-d0d9a2ec0871;Aqua Kiss Perfume 30ml;Aqua;Pria;Eau de Parfum (EDP);N/A;N/A;N/A;N/A;Seharian;Casual / Daily;N/A;Tahan Lama (4-8 jam);Kuat (Moderate-Heavy);"Aqua kiss parfum wanita tampil cantik wangi seharian edp 30 mil App 3.7 (3) Rp24.300 Rp26.300 -8% Promosi: Beli 1 diskon Rp2.000. Beli 2 diskon Rp3.000. Beli 3 diskon Rp5.000 Pilihan pengiriman : DKI Jakarta, Kota Jakarta Barat, Cengkareng UBAH Dijamin tiba 11-16 Mei Standar,with shipping fee Rp15.500 Pengembalian & Garansi : Berubah Pikiran � Pengembalian Gratis 7 Hari � Garansi tidak tersedia Kuantitas: Beli sekarang Tambah ke troli Share Like";0;0;Rp26.300 ;https://www.lazada.co.id/products/pdp-i18832225293.html
f4c964cf-7335-414a-9a44-67262c933376;Sigma Alfa Ambition Perfume 30ml;PARFUM;Pria;Parfum;N/A;N/A;N/A;N/A;N/A;N/A;N/A;Sangat Tahan Lama (8+ jam);N/A;"PARFUM TERLARIS NO.1 Beli 1 Gratis 1 Parfum Sigma Alfa Ambition 30ML Wangi Tahan Lama App 3.9 (20) Rp 8.000 Rp29.000 -72% Pilihan pengiriman : DKI Jakarta, Kota Jakarta Barat, Cengkareng UBAH Dijamin tiba 11-16 Mei Standar,with shipping fee Rp14.500 Pengembalian & Garansi : Berubah Pikiran � Pengembalian Gratis 7 Hari � Garansi tidak tersedia Variation3: 1 Sajah Alpha 1 Sajah Alpha 1 Sajah Sigma 1 Sigma + 1 Alpha Kuantitas: Beli sekarang Tambah ke troli Share Like";0;0;Rp8.000 ;https://www.lazada.co.id/products/pdp-i8303644414.html
07e90971-0a39-40c5-94e3-6fbcf798da13;Baccarat Candy Opium Vanilla Bluehill X Scandalous;Buy;Pria;Eau de Parfum (EDP);N/A;N/A;N/A;Oriental;N/A;N/A;N/A;Sangat Tahan Lama (8+ jam);Kuat (Moderate-Heavy);"Beli 1 Gratis 1 Parfum Baccarat Candy Opium Vanilla Bluehill x Scandalous EDP 35ML Parfum Pria Wanita Aroma Elegant Mewah Tahan Lama App Rp 19.600 Rp95.000 -79% Pilihan pengiriman : DKI Jakarta, Kota Jakarta Barat, Cengkareng UBAH Dijamin tiba 11-16 Mei Standar,with shipping fee Rp15.500 Pengembalian & Garansi : Berubah Pikiran � Pengembalian Gratis 7 Hari � Garansi tidak tersedia Aroma: baccarat candy baccarat candy opium vanilla bluehill x scandalio BONUS: Baccarat Candy Baccarat Candy Bluehill x Scandalio Opium Vanilla Kuantitas: Beli sekarang Tambah ke troli Share Like";0;0;Rp19.600 ;https://www.lazada.co.id/products/pdp-i18834325965.html
8da92392-7c03-4278-8981-f4402e705811;Scarlett Extrait De Perfume;PROMO;Pria;Extrait de Parfum;N/A;N/A;N/A;Gourmand;N/A;N/A;N/A;Sangat Tahan Lama (8+ jam);N/A;"PROMO Scarlett Extrait de Perfume - Parfum Scarlett App 2.5 (45) Rp 9.000 Pilihan pengiriman : DKI Jakarta, Kota Jakarta Barat, Cengkareng UBAH Dijamin tiba 10-15 Mei Standar,with shipping fee Rp15.500 Pengembalian & Garansi : Berubah Pikiran � Pengembalian Gratis 7 Hari � Garansi tidak tersedia Varian: Garden of Whisper Dreamy Sweet Memorioes Passionate Euphoria Jolly LaForet Fairy Wonderland Velvet Rouge Golden Elixir Biru Samudra Garden of Whisper Purple Kiss Caramel Latte Banana Fushion Kuantitas: Beli sekarang Tambah ke troli Share Like";0;0;Rp9.000 ;https://www.lazada.co.id/products/pdp-i8779954333.html
ddeee49b-aaf9-4282-8095-8163fd2c5542;Jaguar 4R Fresh Man 100ml;Men's;Pria;Parfum;N/A;N/A;N/A;Fresh;Pagi / Siang;N/A;N/A;Tahan Lama (4-8 jam);Sedang (Moderate);"PARFUM PRIA WANGI 24 JAM JAGU4R FRESH MAN 100 ML BERKUALITAS NEW PROMO COD App 4.2 (674) Rp 29.600 Rp80.000 -63% Pilihan pengiriman : DKI Jakarta, Kota Jakarta Barat, Cengkareng UBAH Dijamin tiba 10-15 Mei Standar,with shipping fee Rp9.000 Pengembalian & Garansi : Berubah Pikiran � Pengembalian Gratis 7 Hari � Garansi tidak tersedia Volume: 100 ML 15 ML 30 ML 60 ML 100 ML 100 ML REAL FOTO Kuantitas: Beli sekarang Tambah ke troli Share Like";0;0;Rp9.700 ;https://www.lazada.co.id/products/pdp-i7675182599.html
a0b575ab-5b6d-4a86-87fd-b7b475a00ce3;Giordani Gold Essenza;Giordani;Pria;Parfum;N/A;N/A;N/A;N/A;N/A;N/A;N/A;Tahan Lama (4-8 jam);N/A;"Giordani gold essenza parfum App 4.9 (91) Rp 369.000 Rp769.000 -52% Pilihan pengiriman : DKI Jakarta, Kota Jakarta Barat, Cengkareng UBAH Dijamin tiba 10-15 Mei Standar,with shipping fee Rp9.000 Pengembalian & Garansi : Berubah Pikiran � Pengembalian Gratis 7 Hari � Garansi tidak tersedia Kuantitas: Beli sekarang Tambah ke troli Share Like";0;0;Rp369.000 ;https://www.lazada.co.id/products/pdp-i5473728496.html
35d50508-59fe-4b05-8042-9fac5bf4a753;Tuday Eau De Perfume;TUDAY;Pria;Unspecified;N/A;N/A;N/A;N/A;Pagi / Siang;N/A;N/A;N/A;N/A;"TUDAY PERFUME / TUDAY EAU DE PERFUME App 5 (1) Rp 15.000 Rp30.000 -50% Pilihan pengiriman : DKI Jakarta, Kota Jakarta Barat, Cengkareng UBAH Dijamin tiba 16-20 Mei Standar,with shipping fee Rp11.000 Pengembalian & Garansi : Berubah Pikiran � Pengembalian Gratis 7 Hari � Garansi tidak tersedia Varian: COCONUT KISS COCONUT KISS GOOD VIBES GRATEFUL HAPPINES JOYFUL NICE DAY Kuantitas: Beli sekarang Tambah ke troli Share Like";0;0;Rp15.000 ;https://www.lazada.co.id/products/pdp-i8183270893.html
db442456-a69b-4fde-9604-a141be04bdc5;Livi Scarlett Whitening Perfume;PROMO;Pria;Extrait de Parfum;N/A;N/A;N/A;N/A;N/A;N/A;N/A;Sangat Tahan Lama (8+ jam);Dekat (Skin Scent);"PROMO LIVI - Scarlett Whitening Extrait De Parfume 30ml - Parfum Wangi Soft Tahan Lama Best Seller App 3.1 (61) Rp 9.000 Pilihan pengiriman : DKI Jakarta, Kota Jakarta Barat, Cengkareng UBAH Dijamin tiba 10-15 Mei Standar,with shipping fee Rp15.500 Pengembalian & Garansi : Berubah Pikiran � Pengembalian Gratis 7 Hari � Garansi tidak tersedia variasi: Jolly Velvet Rouge Golden Elixir Biru Samudra Purple Kiss Garden Of Whisper Jolly TEA AMOR PISTACHIO RUSH Kuantitas: Beli sekarang Tambah ke troli Share Like";0;0;Rp9.000 ;https://www.lazada.co.id/products/pdp-i8779960195.html
fced5fbb-3df0-4f2c-b394-15520b6bd37c;Viral Perfume Bundle;Best-Selling;Pria;Parfum;N/A;N/A;N/A;N/A;N/A;N/A;N/A;Tahan Lama (4-8 jam);N/A;"PARFUM VIRAL TERLARIS PROMO BELI 1 DAPAT 4 App 4.3 (3137) Rp 27.900 Rp85.000 -67% Promosi: Rp8.000 Pilihan pengiriman : DKI Jakarta, Kota Jakarta Barat, Cengkareng UBAH Dijamin tiba 10-15 Mei Standar,with shipping fee Rp14.500 Pengembalian & Garansi : Berubah Pikiran � Pengembalian Gratis 7 Hari � 1 Tahun Garansi Pusat Layanan Resmi Setempat Aroma: PROMO BELI 1 DAPAT 5 H12NY MR CRUSH GOLD SIDEE EFEECT MR CRUSH BLACK MAN PROMO BELI 1 DAPAT 4 staycation PROMO BELI 1 DAPAT 5 PROMO BELI 1 DAPAT 3 Kuantitas: Beli sekarang Tambah ke troli Share Like";0;0;Rp23.500 ;https://www.lazada.co.id/products/pdp-i8156092652.html
27259b80-83c7-47ec-9dbf-91dca41301fb;Heymine Vanilla Series Perfume;BELI;Pria;Parfum;N/A;N/A;N/A;"Oriental, Gourmand";N/A;N/A;N/A;Tahan Lama (4-8 jam);N/A;"BELI 1 DAPAT 3 (HEYMINE PARFUM AROMA | VANILLA -VANILLA CARAMEL -CHOCOLATE VANILLA -35ML App 4.5 (8949) Rp 8.900 Rp25.000 -64% Pilihan pengiriman : DKI Jakarta, Kota Jakarta Barat, Cengkareng UBAH Dijamin tiba 10-15 Mei Standar,with shipping fee Rp15.500 Pengembalian & Garansi : Berubah Pikiran � Pengembalian Gratis 7 Hari � Garansi tidak tersedia VARIAN: VANILLA CHOCOLATE VANILLA VANILLA CARAMEL VANILLA CHOCOLATE CHOCOLATE BELI 1 DAPAT 3 Kuantitas: Beli sekarang Tambah ke troli Share Like";0;0;Rp8.900 ;https://www.lazada.co.id/products/pdp-i7985500809.html
807333d1-c870-4c22-8064-d6805c7b6bb3;Sakura Series Eau De Parfum 100ml;Perfume-eau;Pria;Eau de Parfum (EDP);N/A;N/A;N/A;N/A;N/A;N/A;N/A;Sangat Tahan Lama (8+ jam);Kuat (Moderate-Heavy);"Parfume - EAU DE PARFUM SAKURA SERIES Cruelty Free ( 100 ml ) - Perfume Red / Blue / Black / White / Pink / Purple , Wangi Tahan Lama App 4 (13) Rp 12.500 Rp33.000 -62% Pilihan pengiriman : DKI Jakarta, Kota Jakarta Barat, Cengkareng UBAH Dijamin tiba 12-18 Mei Standar,with shipping fee Rp12.125 Pengembalian & Garansi : Berubah Pikiran � Pengembalian Gratis 7 Hari � Garansi tidak tersedia Aroma: white red black white blues pink purple Volume: 100 ml 100 ml Kuantitas: Beli sekarang Tambah ke troli Share Like";0;0;Rp12.500 ;https://www.lazada.co.id/products/pdp-i8777412979.html
923d74e9-df49-4b6e-b391-2664f9b73756;MR Crash Perfume Bundle;BISA;Pria;Parfum;N/A;N/A;N/A;N/A;N/A;N/A;N/A;Tahan Lama (4-8 jam);N/A;"BISA COD parfum pria Paket Bundling ( BUY 1 GET 4 ) Parfum MR CRASH App Rp 18.500 Rp55.000 -66% Pilihan pengiriman : DKI Jakarta, Kota Jakarta Barat, Cengkareng UBAH Dijamin tiba 11-16 Mei Standar,with shipping fee Rp15.500 Pengembalian & Garansi : Berubah Pikiran � Pengembalian Gratis 7 Hari � Garansi tidak tersedia 30 ML: MR CRUSH BLACK 1 PCS BELI SATU DAPAT 4 CRUSH 1 PCS HNRY 1 PCS STAY 1 PCS HNRY EFFECT 1 PCS MR CRUSH BLACK 1 PCS TESTER Kuantitas: Beli sekarang Tambah ke troli Share Like";0;0;Rp18.500 ;https://www.lazada.co.id/products/pdp-i8635830454.html
8514627c-4a02-4656-9d5b-189458b9a35a;Taylor Swift Perfume;Parfum;Pria;Parfum;N/A;N/A;N/A;N/A;N/A;N/A;N/A;Sangat Tahan Lama (8+ jam);N/A;"Parfum Taylor swift/parfum wanita/parfum tahan lama/parfum refill non alkohol App 4.9 (4053) Rp 20.000 Rp32.000 -38% Promosi: Beli 2 diskon 3%. Beli 3 diskon 4%. Beli 4 diskon 5% Pilihan pengiriman : DKI Jakarta, Kota Jakarta Barat, Cengkareng UBAH Dijamin tiba 10-15 Mei Standar,with shipping fee Rp9.000 Pengembalian & Garansi : Berubah Pikiran � Pengembalian Gratis 7 Hari � Garansi tidak tersedia Volume: 25 25 35 55 100 15 Aroma: Taylor swift Taylor swift Kuantitas: Beli sekarang Tambah ke troli Share Like";0;0;Rp30.000 ;https://www.lazada.co.id/products/pdp-i4731252194.html
fe4324c9-018e-46d2-a0de-f0e636dbb14f;JPG Elixir Absolute & Le Male Ultra Male;Scarlett;Pria;Eau de Parfum (EDP);N/A;N/A;N/A;Gourmand;N/A;N/A;N/A;Tahan Lama (4-8 jam);Kuat (Moderate-Heavy);"SCARLETT WHITENING EAU DE PARFUM (EDP) 30ML SERIES ( READY ALL VARIAN AROMA ) Inspired Parfume App 4 (46) Rp 9.000 Rp45.000 -80% Pilihan pengiriman : DKI Jakarta, Kota Jakarta Barat, Cengkareng UBAH Dijamin tiba 11-16 Mei Standar,with shipping fee Rp15.500 Pengembalian & Garansi : Berubah Pikiran � Pengembalian Gratis 7 Hari � Garansi tidak tersedia Variasi: Biru Samudra Dreamy Sweet Memories Euphoria Passionate La Foret Fairy Wonderland Velvet Rouge Golden Elixir Biru Samudra Garden Of Whisper Purple Kiss Jolly Banana Fushion Caramel Latte Tea Amor Pistachio Crush Kuantitas: Beli sekarang Tambah ke troli Share Like";0;0;Rp9.000 ;https://www.lazada.co.id/products/pdp-i18825752732.html
5494cc27-8db9-481e-a627-3397f70acd36;Superjoss Perfume 35ml;JPG;Pria;Parfum;N/A;N/A;N/A;Floral;N/A;N/A;Musim Gugur;Tahan Lama (4-8 jam);N/A;"Parfum Pria JPG Elixir Absolu & Le Male / Ultra Male 125ml Botol Kaleng Real Picture BISA COD App 4.4 (66) Rp 185.000 Rp389.000 -52% Pilihan pengiriman : DKI Jakarta, Kota Jakarta Barat, Cengkareng UBAH Dijamin tiba 11-16 Mei Standar,with shipping fee Rp9.000 Pengembalian & Garansi : Berubah Pikiran � Pengembalian Gratis 7 Hari � Garansi tidak tersedia Aroma: Paradise fall Ultra Male ( Navy ) Le Parfum La Male Aviator In the navy Paradise Garden Paradise fall Elixir Absolu (NEW) Le Beau Le Parfume Ultra Elixir (new) Flower Edition (new) Elixir (fav) Ultra Elixir -SILVER Set isi 3 x 30ml Set isi 3 x 40ml Kuantitas: Beli sekarang Tambah ke troli Share Like";0;0;Rp145.000 ;https://www.lazada.co.id/products/pdp-i8332920543.html
7f9dba76-1e5d-451c-aa35-b8ace8efd6f2;Dear Up Inspired Mix Series EDP;Superjoss;Pria;Parfum;N/A;N/A;N/A;Oriental;N/A;N/A;N/A;Sangat Tahan Lama (8+ jam);N/A;"SUPERJOSS - Promo Parfum Viral Pria Wanita 35ml Wangi Tahan Lama App 1 (1) Rp 26.000 Rp45.000 -42% Pilihan pengiriman : DKI Jakarta, Kota Jakarta Barat, Cengkareng UBAH Dijamin tiba 11-16 Mei Standar,with shipping fee Rp15.500 Pengembalian & Garansi : Berubah Pikiran � Pengembalian Gratis 7 Hari � Garansi tidak tersedia Aroma: Dapat 4 best seller Black Opium Bluee Hill 540 Bacca Vanilla cake Scandal love Roman Wish Dapat 4 best seller Kuantitas: Beli sekarang Tambah ke troli Share Like";0;0;Rp9.500 ;https://www.lazada.co.id/products/pdp-i18833463170.html
db5fec0e-eb69-4b63-98c6-05bda0839ff6;Heymine Perfume 35ml;Best;Pria;Parfum;N/A;N/A;N/A;N/A;N/A;N/A;N/A;Tahan Lama (4-8 jam);N/A;"Parfum Pria Terlaris No 1 Promo Beli 1 Dapat 4 Parfum Viral 2026 App 4.3 (769) Rp 30.000 Rp45.000 -33% Pilihan pengiriman : DKI Jakarta, Kota Jakarta Barat, Cengkareng UBAH Dijamin tiba 15-21 Mei Standar,with shipping fee Rp11.000 Pengembalian & Garansi : Berubah Pikiran � Pengembalian Gratis 7 Hari � 6 Bulan Garansi Pusat Layanan Resmi Setempat Volume: beli 1 dapat 3 hrny 1 pcs side efek mr crush beli 1 dapat 3 beli 1 dapat 4 Kuantitas: Beli sekarang Tambah ke troli Share Like";0;0;Rp17.000 ;https://www.lazada.co.id/products/pdp-i8247998781.html
bdd42946-7195-4060-ac42-8366af6c839d;Lamoza Exluship Premium Perfume;DEAR;Pria;Eau de Parfum (EDP);N/A;N/A;N/A;N/A;N/A;N/A;N/A;Sangat Tahan Lama (8+ jam);Kuat (Moderate-Heavy);"DEAR UP INSPIRED - MIX SERIES EDP UNISEX TAHAN LAMA 30ML EAU DE PARFUME WANGI A1 App Rp 12.000 Rp45.000 -73% Pilihan pengiriman : DKI Jakarta, Kota Jakarta Barat, Cengkareng UBAH Dijamin tiba 10-15 Mei Standar,with shipping fee Rp15.500 Nikmati diskon ongkir hingga Rp8.000 dengan beli min. 74000 produk. Pengembalian & Garansi : Berubah Pikiran � Pengembalian Gratis 7 Hari � Garansi tidak tersedia Varian: B.emotion x vnilaice Scandaluzy x D.blue B.emotion x A kiss Erros x R wish B.emotion x vnilaice R wis x scandaluzy A kis x Scandaluzy Kuantitas: Beli sekarang Tambah ke troli Share Like";0;0;Rp12.000 ;https://www.lazada.co.id/products/pdp-i18833217220.html
de156b0b-9105-45e9-bcdc-238fe602d5fb;Perfume Refill 30ml;PROMO;Pria;Parfum;N/A;N/A;N/A;"Oriental, Gourmand";Seharian;N/A;N/A;Tahan Lama (4-8 jam);N/A;"PROMO BUY 1 GET 3 - PARFUM HEYMINE 35ML- AROMA VANILLA TAHAN 24 JAM App 4.4 (979) Rp 8.900 Rp25.000 -64% Pilihan pengiriman : DKI Jakarta, Kota Jakarta Barat, Cengkareng UBAH Dijamin tiba 10-15 Mei Standar,with shipping fee Rp15.500 Pengembalian & Garansi : Berubah Pikiran � Pengembalian Gratis 7 Hari � Garansi tidak tersedia Ukuran: CHOCOLATE ISI 3 PARFUM VANILLA VANILLA CARAMEL CHOCOLATE VANILLA VANILLA CHOCOLATE Kuantitas: Beli sekarang Tambah ke troli Share Like";0;0;Rp8.900 ;https://www.lazada.co.id/products/pdp-i8252942956.html
bbd72e96-451f-4219-82a6-fc683ecf380c;Yessica Long Hour Perfume;Lamoza;Pria;Parfum;N/A;N/A;N/A;N/A;N/A;N/A;N/A;Tahan Lama (4-8 jam);N/A;"Lamoza exluship parfum permium tampil elegan isi 4fcs App 4.5 (25) Rp 23.900 Rp49.000 -51% Promosi: Beli 3 diskon 6%. Beli 5 diskon 9% Pilihan pengiriman : DKI Jakarta, Kota Jakarta Barat, Cengkareng UBAH Dijamin tiba 11-16 Mei Standar,with shipping fee Rp15.500 Pengembalian & Garansi : Berubah Pikiran � Pengembalian Gratis 7 Hari � Garansi tidak tersedia lamoza exluciv: masterovium isi4fcs aqua blue aqua kiss masterovium angel white Kuantitas: Beli sekarang Tambah ke troli Share Like";0;0;Rp23.900 ;https://www.lazada.co.id/products/pdp-i18826628309.html
f59f152f-beb1-4577-8a5c-ca568a51304f;Miniso Harmony Sweet Pure EDT;Perfume;Pria;Parfum;N/A;N/A;N/A;"Woody, Floral, Oriental, Fruity";Malam;Date / Romantic;N/A;Sangat Tahan Lama (8+ jam);Dekat (Skin Scent);"Parfum Refill Tahan Lama 24 Jam Non Alkohol Minyak Wangi Cowok Wanita Ukuran 30ml Variasi Aroma App 4.6 (2059) Merek: Aroma Lebih banyak Parfum dari Aroma Rp13.600 Rp25.000 -46% Promosi: 30% Diskon Pilihan pengiriman : DKI Jakarta, Kota Jakarta Barat, Cengkareng UBAH Dijamin tiba 10-15 Mei Standar,with shipping fee Rp9.000 Pengembalian & Garansi : Berubah Pikiran � Pengembalian Gratis 7 Hari � Garansi tidak tersedia Aroma: T4YL0R SW1FT T4YL0R SW1FT KASTURI KIJANG ZAHRAT KASTURI PUTIH AVRIL AMEER OUD JL0 ST1LL GUCC1 QUALITY MAN R0M4N W1SH BALKIS Buah RED ROSE CH0C0 MUSK MALAIKAT SABAH ZWITSAL B4BY Bunga RANA RANI 1000 BUNGA DAKAR SILVER P4RIS HILTON LOVELY SULTAN J3SICA P4RK3R SOFT AREHAB HAJARA ASWAD BULG4RI EXTR3M3 S3L3NA GOM3S DALLAL BUBLE GUM SABAYA GREEN TEA B4C4R4T U2 M4N VANILLA S3CREET M4N COFFE MAHER ZAIN WH1T3 MUSK BULB3RRY WOM3N 0N3 M1L10N3 Sakur4 MISIK YAMAN DI4M0R W0M3N SP4LDING BULG4RI 0MNI4 CR1S B3LL4910 4RI4N4 GR4ND3 J4GGU4R CL4SIK AL REHAB LUXSSS/L1D0 1NC4NT0 SHIN3 J0 M4L0N3 CUDDL3 K. B4L1 4QU4 D1G10 G4RUD4 C4S4BL4NC4 GREY D14M0N BL4CK 0VIUM K3NJZ0O B4T4NG ALKHANJAR BULG4R1 M4N HABIBAH HARMAIN MAKKAH 3NT3RNIT1 M4N Woody RASHA BULGARI AQUA B.0NN3 CR1ST4L P0L0 SP0000RT 4IGN3R BL4CK MISIK PUTIH 0LLA R4ML4N OUD BUKIYAH RAUDOH ANGEL HEART V.SECRET SCANDALOUS N4B4WI BUNGA SEDAP MALAM SW33T JUIC3 C4PUCIN0 L. MAYA HELLLLO KITTTY KZ. FLOWER ANGGUR DUNH1L BLU3 STR4WBERRIII G4TSBY N4GITA SL4VIN4 COKLAT R4FI 4HM4D AROMA RANDOM UKURAN BOTOL (ML): 20 MILI 20 MILI 50 MILI 35 MILI Kuantitas: Beli sekarang Tambah ke troli Share Like";0;0;Rp14.500 ;https://www.lazada.co.id/products/pdp-i8262846113.html
fe23e64b-ac96-4b36-8861-f2bbd9d7f681;212 VIP Black Perfume;FYC;Pria;Parfum;N/A;N/A;N/A;Gourmand;N/A;N/A;N/A;Tahan Lama (4-8 jam);N/A;"FYC - Yessica's long hour parfume - eau dee parfume App 3.4 (118) Rp 14.000 Rp25.000 -44% Pilihan pengiriman : DKI Jakarta, Kota Jakarta Barat, Cengkareng UBAH Dijamin tiba 10-15 Mei Standar,with shipping fee Rp15.500 Pengembalian & Garansi : Berubah Pikiran � Pengembalian Gratis 7 Hari � Garansi tidak tersedia Volume: paris lover beli dpt 4 beli 1 dpt 2 paris lover sweet baby Kuantitas: Beli sekarang Tambah ke troli Share Like";0;0;Rp14.000 ;https://www.lazada.co.id/products/pdp-i8634028944.html
8aa64d1f-a294-4fb9-a1aa-93a288e5b7ce;Vanilla Cake Perfume EDP 35ml;BELI;Pria;Eau de Toilette (EDT);N/A;N/A;N/A;"Floral, Gourmand";N/A;N/A;N/A;Tahan Lama (4-8 jam);N/A;"BELI 1 DAPAT 2 - PARFUM MINISO HARMONY SWEET - PURE EDT 35ML/PARFUM WANGI AROMA BUNGA MANIS KWALITAS PREMIUM App 4.3 (80) Rp 19.999 Rp89.999 -78% Promosi: Rp1.000 Pilihan pengiriman : DKI Jakarta, Kota Jakarta Barat, Cengkareng UBAH Dijamin tiba 11-16 Mei Standar,with shipping fee Rp14.500 Pengembalian & Garansi : Berubah Pikiran � Pengembalian Gratis 7 Hari � Garansi tidak tersedia AROMA: BELI 1 DAPAT 2 SWEET PURE BELI 1 DAPAT 2 Kuantitas: Beli sekarang Tambah ke troli Share Like";0;0;Rp9.999 ;https://www.lazada.co.id/products/pdp-i8389242898.html
4a8f2cb3-be47-4332-b776-9d3b4a5a529c;Joymens Sigma Desire Perfume Bundle;Parfum;Pria;Parfum;N/A;N/A;N/A;N/A;Seharian;Casual / Daily;N/A;Sangat Tahan Lama (8+ jam);N/A;"Parfum Pria Disukai Wanita Wangi Tahan Lama Seharian Aroma 212 Vip Black/ Minyak Wangi / Farpum Pria Berkualitas Berkelas Elegant App 4.6 (106) Rp 16.000 Rp45.000 -64% Pilihan pengiriman : DKI Jakarta, Kota Jakarta Barat, Cengkareng UBAH Dijamin tiba 10-15 Mei Standar,with shipping fee Rp9.000 Pengembalian & Garansi : Berubah Pikiran � Pengembalian Gratis 7 Hari � 1 Bulan Garansi Penjual Aroma: 212 VipBlack 212 VipBlack Promo Volume: 35 35 20 100 50 Kuantitas: Beli sekarang Tambah ke troli Share Like";0;0;Rp13.000 ;https://www.lazada.co.id/products/pdp-i5390206322.html
3c649714-8a61-48fc-a605-7b7129b90d32;Dominant Perfume;The;Pria;Eau de Parfum (EDP);N/A;N/A;N/A;"Oriental, Fruity";N/A;N/A;N/A;Tahan Lama (4-8 jam);Kuat (Moderate-Heavy);"Parfum Kualitas Premium Vanilla Cake Paling Wangi Edp 35 ML App 4.7 (2669) Rp 15.510 Rp65.000 -76% Promosi: Rp1.122 Beli 3 diskon 3%. Beli 5 diskon 5% Pilihan pengiriman : DKI Jakarta, Kota Jakarta Barat, Cengkareng UBAH Dijamin tiba 12-18 Mei Standar,with shipping fee Rp15.500 Pengembalian & Garansi : Berubah Pikiran � Pengembalian Gratis 7 Hari � Garansi tidak tersedia aroma: royl mistiq PINK BERRY VANILLA CAKE balck opium dior sauvage scandous royl mistiq romanwish vs sosexy One Million Lackey Dunhill Blue BACCARAT ESOTB BVLG AQUA BUBBLEGUM ZARA RED VANILLA -AIGNER BLUE -TAYLOR SWIFT ukuran harga: 30ml 30ml Kuantitas: Beli sekarang Tambah ke troli Share Like";0;0;Rp15.510 ;https://www.lazada.co.id/products/pdp-i8251204308.html
0b732c4b-c7ed-448d-a13b-2b179c9bb48e;Travel Size Perfume Bundle 5pcs;VIRAL;Pria;Parfum;N/A;N/A;N/A;N/A;N/A;N/A;N/A;Tahan Lama (4-8 jam);N/A;"VIRAL PAKET 3 BOTOL | BUNDLING PARFUM JOYMENS - SIGMA - DESIRE PARFUM PRIA/WANITA 30 ML App 4.2 (616) Rp 8.500 Rp30.000 -72% Pilihan pengiriman : DKI Jakarta, Kota Jakarta Barat, Cengkareng UBAH Dijamin tiba 10-15 Mei Standar,with shipping fee Rp14.500 Pengembalian & Garansi : Berubah Pikiran � Pengembalian Gratis 7 Hari � Garansi tidak tersedia 1 btl desire: 1 btl sigma 1 btl desire 1 btl joymens 1 btl sigma 3 btl allvarian Kuantitas: Beli sekarang Tambah ke troli Share Like";0;0;Rp8.500 ;https://www.lazada.co.id/products/pdp-i8614584114.html
bab133b4-904d-4a69-838b-a0755426949f;Perfume Spray 30ml;DOMINANT;Pria;Parfum;N/A;N/A;N/A;N/A;N/A;N/A;N/A;Sangat Tahan Lama (8+ jam);N/A;"DOMINANT PARFUM TERLARIS BELI 1 DAPAT 2 WANGI TAHAN LAMA App 4.1 (382) Rp 25.000 Rp50.000 -50% Pilihan pengiriman : DKI Jakarta, Kota Jakarta Barat, Cengkareng UBAH Dijamin tiba 12-18 Mei Standar,with shipping fee Rp15.500 Pengembalian & Garansi : Berubah Pikiran � Pengembalian Gratis 7 Hari � Garansi tidak tersedia Kuantitas: Beli sekarang Tambah ke troli Share Like";0;0;Rp25.000 ;https://www.lazada.co.id/products/pdp-i8227594759.html
31311234-0670-4b26-a526-0e3f95e003d6;Perfume Package 7ml Non Alcohol;parfum;Pria;Parfum;N/A;N/A;N/A;N/A;N/A;N/A;N/A;Tahan Lama (4-8 jam);N/A;"parfum roll on non alkohol isi 1 lusin /12 botol murah App 4.7 (11107) Rp 28.000 Rp35.000 -20% Pilihan pengiriman : DKI Jakarta, Kota Jakarta Barat, Cengkareng UBAH Dijamin tiba 10-16 Mei Standar,with shipping fee Rp14.500 Pengembalian & Garansi : Berubah Pikiran � Pengembalian Gratis 7 Hari � Garansi tidak tersedia Variation3: 12 botol 12 botol 6botol Kuantitas: Beli sekarang Tambah ke troli Share Like";0;0;Rp18.000 ;https://www.lazada.co.id/products/pdp-i6191604749.html
fa8b0512-c516-471c-b7be-971c3104e401;ZF Premium Perfume 35ml;Long;Pria;Parfum;N/A;N/A;N/A;"Floral, Oriental, Fresh, Gourmand";Pagi / Siang;N/A;N/A;Sangat Tahan Lama (8+ jam);Sedang (Moderate);"PAKET PARFUM VIRAL TIK TOK ISI 5 PCS 150 ML TRAVEL SIZE BUNDLING 30ml TAHAN LAMA App 4.4 (444) Rp 4.410 Rp12.000 -63% Promosi: Rp2.000 Beli 4 diskon Rp2.500 Pilihan pengiriman : DKI Jakarta, Kota Jakarta Barat, Cengkareng UBAH Dijamin tiba 10-15 Mei Standar,with shipping fee Rp14.500 Pengembalian & Garansi : Berubah Pikiran � Pengembalian Gratis 7 Hari � 1 Bulan Garansi Pusat Layanan Resmi Setempat Aroma: 1 pcs baby fresh 1 pcs bubble gum 1 pcs baby fresh 1 pcs vanilla cream 1 pcs lily white 1 pcs green tea bundling 5 pcs pink sweet 4 botol red vanilla 3 botol SCENTPLUS isi 5 pcs 6 pcs mixue Kuantitas: Beli sekarang Tambah ke troli Share Like";0;0;Rp17.952 ;https://www.lazada.co.id/products/pdp-i8609554428.html
3d842ee5-1ebf-4552-b2f3-0fee29715e47;Vitalis Body Scent 120ml;parfum;Pria;Parfum;N/A;N/A;N/A;N/A;N/A;N/A;N/A;Sangat Tahan Lama (8+ jam);N/A;parfum pria wanita tahan lama 4 pcs bisa request aroma;0;0;Rp14.900 ;https://www.lazada.co.id/products/pdp-i8018886123.html
db33cbc1-fd47-4078-b876-634d99046691;Bubble Gum Perfume 30ml;Cheap;Pria;Unspecified;N/A;N/A;N/A;N/A;N/A;N/A;N/A;N/A;N/A;Cheap Perfume Spray in 30ml Plastic Box for Men and Women;0;0;Rp6.500 ;https://www.lazada.co.id/products/pdp-i8333384055.html
05488905-997e-4115-8297-83aa2b779b23;Roll On Perfume Bandung;Cheap;Unisex;Unspecified;N/A;N/A;N/A;N/A;N/A;N/A;N/A;N/A;N/A;Cheap Perfume in 7ml Non-Alcoholic Packages;0;0;Rp3.200 ;https://www.lazada.co.id/products/pdp-i7959834813.html
fe0ab6cb-15a7-40b4-9e7d-73dd7c60b784;Bubble Gum Aroma Perfume;ZF;Unisex;Unspecified;N/A;N/A;N/A;N/A;N/A;N/A;N/A;N/A;N/A;ZF best seller Perfume long lasting premium 35 ml best perfume;0;0;Rp8.800 ;https://www.lazada.co.id/products/pdp-i7877680701.html
7d81be61-f121-44be-974e-919d8f1dca9d;Posh Men Perfume Spray 150ml;Vitalis;Wanita;Parfum;N/A;N/A;N/A;N/A;N/A;N/A;N/A;Tahan Lama (4-8 jam);N/A;Vitalis Body Scent / Parfum Wanita 120ML;0;0;Rp20.000 ;https://www.lazada.co.id/products/pdp-i8085498513.html
81c07b70-7ea2-4f9d-a6da-31bbf031f4bf;Sangx Lucifer Perfume;Parfum;Pria;Parfum;N/A;N/A;N/A;N/A;N/A;N/A;N/A;Sangat Tahan Lama (8+ jam);N/A;Parfum Pria Wanita Bubble Gum Wangi Tahan Lama 30ml;0;0;Rp11.700 ;https://www.lazada.co.id/products/pdp-i8663084621.html
bd6cfd92-32a1-4c42-bad7-41adf57004a7;Bubble Gum Fresh Perfume;Parfum;Unisex;Parfum;N/A;N/A;N/A;N/A;N/A;N/A;N/A;Tahan Lama (4-8 jam);N/A;Parfum Roll On Murah Bandung;0;0;Rp2.150 ;https://www.lazada.co.id/products/pdp-i6518574391.html
9ea4faf8-974e-4053-9dc1-332bc4e79b1b;Perfume Refill 50ml;Parfume;Pria;Parfum;N/A;N/A;N/A;"Fresh, Gourmand";N/A;N/A;N/A;Sangat Tahan Lama (8+ jam);N/A;Parfume Buble Gum / Aroma Permen Karet Parfum Pria & Wanita Wangi Tahan Lama & Manis Segar Isi 30.ml;0;0;Rp6.231 ;https://www.lazada.co.id/products/pdp-i8354698278.html
53164ef5-8b08-49b6-9432-e49abd46ed0b;Semar Mesem Perfume;promo;Pria;Parfum;N/A;N/A;N/A;N/A;N/A;N/A;N/A;Tahan Lama (4-8 jam);N/A;promo parfum aroma Bubel gum. wangi permen karet;0;0;Rp4.000 ;https://www.lazada.co.id/products/pdp-i8210934548.html
ce43bbf1-bacf-4d26-a46e-72d966ee32cf;Bacerot Perfume;Men's;Pria;Unspecified;N/A;N/A;N/A;N/A;N/A;N/A;N/A;N/A;N/A;Men's Perfume Spray / Posh Men Perfume Spray 150ml;0;0;Rp18.500 ;https://www.lazada.co.id/products/pdp-i8755674073.html
898b077d-0a5b-4ce8-b95b-a5642aea2ba0;GS Thailand Perfume 35ml;Best;Pria;Unspecified;N/A;N/A;N/A;N/A;N/A;N/A;N/A;N/A;N/A;Best Selling) Sangx Lucifer Perfume Men's Perfume Cod;0;0;Rp25.000 ;https://www.lazada.co.id/products/pdp-i18833363569.html
dbf9fe72-9e65-4275-942d-ceb7ed7d5a9a;Body Mist Shop 100ml;Parfume;Pria;Parfum;N/A;N/A;N/A;"Fresh, Gourmand";N/A;N/A;N/A;Sangat Tahan Lama (8+ jam);N/A;Parfume Buble Gum / Aroma Permen Karet Wangi Manis Segar & Tahan Lama Isi 30.ml;0;0;Rp6.235 ;https://www.lazada.co.id/products/pdp-i8326072441.html
dcc16972-178d-405d-b87b-b0e2ea0a702e;Perfume Refill 30ml Premium;PARFUME;Unisex;Parfum;N/A;N/A;N/A;N/A;N/A;N/A;N/A;Tahan Lama (4-8 jam);N/A;PARFUME REFILL 50ML BERKUALITAS WANGI BISA REQUEST;0;0;Rp16.000 ;https://www.lazada.co.id/products/pdp-i8395014301.html
05b4e582-b348-4b2c-afdc-4b480885c3a5;Vanilla Perfume;TRENDING;Unisex;Parfum;N/A;N/A;N/A;N/A;N/A;N/A;N/A;Tahan Lama (4-8 jam);N/A;TRENDING TERMURAH BELI 1 DAPAT 2 Parfum terlaris no 1 parfume Semar mesem original paket bundel;0;0;Rp8.000 ;https://www.lazada.co.id/products/pdp-i8303618468.html
01d198a6-4ee0-4d78-a04f-dfbeb6ea7dab;Nagita Slavina EDP 35ml;BELI;Unisex;Parfum;N/A;N/A;N/A;"Oriental, Gourmand";N/A;N/A;N/A;Tahan Lama (4-8 jam);N/A;BELI 1 DAPAT 3 (HEYMINE PARFUM AROMA | VANILLA -VANILLA CARAMEL -CHOCOLATE VANILLA -35ML;0;0;Rp9.000 ;https://www.lazada.co.id/products/pdp-i8348570940.html
2aa3fc99-5d51-46f1-8b5f-ce68b791135d;Scarlett Purple Kiss Perfume;BELI;Unisex;Parfum;N/A;N/A;N/A;N/A;Seharian;N/A;N/A;Sangat Tahan Lama (8+ jam);N/A;BELI 1 GRATIS 1 parfum Bacerot | Parfum tahan 24 jam | Parfum cowok tahan lama | Parfum cewek tahan lama | Cuci gudang serba murah bayar di tempat | minyak wangi tahan 24 jam / Parfum Viral;0;0;Rp9.999 ;https://www.lazada.co.id/products/pdp-i7906138809.html
36a0c5ac-1602-4bc0-ab16-c30557b4e233;Bubblegum Vanilla Cake Black Opium Bundle;COD;Pria;Parfum;N/A;N/A;N/A;N/A;N/A;N/A;N/A;Tahan Lama (4-8 jam);N/A;COD PARFUM PRIA/PARFUM WANITA - PARFUM UNISEX - PARFUM THAILAND 35ML - GS PARFUME;0;0;Rp5.999 ;https://www.lazada.co.id/products/pdp-i5964580303.html
48a514ef-2785-4fef-affa-cecc43ca1332;Perfume Refill 50ml;Perfume;Unisex;Eau de Parfum (EDP);N/A;N/A;N/A;N/A;N/A;N/A;N/A;Tahan Lama (4-8 jam);Kuat (Moderate-Heavy);Perfume - Eau De Parfum Sakura Series (100ml) - Perfume Red / Blue / Black / White / Pink / Purple. Long Lasting Fragrance;0;0;Rp14.530 ;https://www.lazada.co.id/products/pdp-i8752452841.html
1ceb9e76-4afb-410f-a960-7b52b5694f57;Melon Scented Perfume;PARFUM;Pria;Body Mist;N/A;N/A;N/A;N/A;N/A;N/A;N/A;Sangat Tahan Lama (8+ jam);N/A;PARFUM BODY MIST SHOP 100ml + EXTRA BUBBLE - Parfum Cewek Tahan Lama / Parfum Pria Tahan Lama Terlaris / Minyak Wangi - 100ml;0;0;Rp10.900 ;https://www.lazada.co.id/products/pdp-i7869622366.html
03e56d9d-c706-43ab-a24d-85f31a46856f;Posh Men Body Spray 150ml;(30ml;Unisex;Unspecified;N/A;N/A;N/A;N/A;N/A;N/A;N/A;N/A;N/A;(30ml sp) cheapest best selling 30 ml perfume refill plstick with top quality;0;0;Rp4.850 ;https://www.lazada.co.id/products/pdp-i7949062853.html
71451b01-08ab-4ece-a026-7e009dd32f24;Lamoza Aqua Blue Aqua Kiss Master Ovium;Best;Pria;Parfum;N/A;N/A;N/A;Oriental;Seharian;N/A;N/A;Sangat Tahan Lama (8+ jam);N/A;Best seller parfum vanilla | PROMO BUY 1 GET 1 FREE Parfum vanilla tahan lama - Parfum pria wangi tahan lama 24 jam ori - parfum wanita tahan lama 24 jam ori terwangi - Parfum pria original tahan lama - farfum wanginya tahan lama - Parfum pria wangi kalem;0;0;Rp9.999 ;https://www.lazada.co.id/products/pdp-i7532970064.html
8dc7a2fc-efc5-4fc6-9bce-2a847ccb2a6e;Verom Sang X Perfume 35ml;BELI;Unisex;Parfum;N/A;N/A;N/A;Oriental;Seharian;N/A;N/A;Sangat Tahan Lama (8+ jam);N/A;BELI 1 GRATIS 1 Parfum VANILLA Parfum tahan 24 jam | Parfum cowok tahan lama | Parfum cewek tahan lama | Cuci gudang serba murah bayar di tempat | minyak wangi tahan 24 jam / Parfum Viral;0;0;Rp9.999 ;https://www.lazada.co.id/products/pdp-i7348950624.html
e1db97d4-f211-4e81-9241-7af7b3149e04;Braven Code EDP 100ml;Parfum;Unisex;Eau de Parfum (EDP);N/A;N/A;N/A;N/A;N/A;N/A;N/A;Tahan Lama (4-8 jam);Kuat (Moderate-Heavy);Parfum Nagita Slavina EDP 35ml | Parfum Unisex Terlaris;0;0;Rp8.900 ;https://www.lazada.co.id/products/pdp-i7986066361.html
01bdb725-3b61-4a78-a7d8-ecf59f1e776c;EDP 30ml Perfume Bundle;Parfum;Unisex;Extrait de Parfum;N/A;N/A;N/A;N/A;N/A;N/A;N/A;Sangat Tahan Lama (8+ jam);N/A;Parfum Inspired Scarlett Whitening Extrait De Parfum Purple Kiss 30ml;0;0;Rp9.000 ;https://www.lazada.co.id/products/pdp-i18826111771.html
6f0a9d00-e7d5-436b-8d33-85471bd5047d;Garuda Perfume;TRENDING;Pria;Parfum;N/A;N/A;N/A;Oriental;N/A;N/A;N/A;Tahan Lama (4-8 jam);N/A;TRENDING PAKET 3 BOTOL | BUNDLING PARFUM BUBBLEGUM - VANILLA CAKE - BLACK OP1UM PARFUM PRIA/WANITA 30 ML;0;0;Rp8.900 ;https://www.lazada.co.id/products/pdp-i8305798452.html
c91ff266-cc41-430e-b109-8ad539ae9be4;Premium Perfume Package 100ml;Perfume;Pria;Unspecified;N/A;N/A;N/A;N/A;N/A;N/A;N/A;N/A;N/A;Perfume refill 50ml best seller men and women;0;0;Rp20.000 ;https://www.lazada.co.id/products/pdp-i8101424543.html
58d3837d-3ddb-42b9-9800-3379740d8170;Fresh & Natural Hijab Refresh 100ml;Melon;Pria;Unspecified;N/A;N/A;N/A;N/A;Seharian;N/A;N/A;Sangat Tahan Lama (8+ jam);N/A;"Melon Scented Perfume Suitable for Men/Women, Teenagers/Adults. Long-Lasting Fragrance in Variants 15-20-30ml";0;0;Rp9.500 ;https://www.lazada.co.id/products/pdp-i8675602116.html
85568f3e-8abf-45af-b0a7-b3efa57049cb;Royal Black Opium 35ml;Posh;Pria;Unspecified;N/A;N/A;N/A;N/A;N/A;N/A;N/A;N/A;N/A;Posh Men Perfume Body Spray - Netto 150ml;0;0;Rp20.015 ;https://www.lazada.co.id/products/pdp-i8413706173.html
6061006a-dc70-4b80-84fd-750d2a9ed15e;Heymine Vanilla Cake Series;Lamoza;Unisex;Parfum;N/A;N/A;N/A;N/A;N/A;N/A;N/A;Tahan Lama (4-8 jam);N/A;Lamoza Exluchiv Premium Aqua Blue-Aqua Kis-Master Ovium Extrsit De Parfume 30ml;0;0;Rp25.900 ;https://www.lazada.co.id/products/pdp-i18818529399.html
8f17e4dd-8a9f-4fbb-b9bf-3febdc219f5e;Scarlett Velvet Rouge 30ml;The;Pria;Unspecified;N/A;N/A;N/A;N/A;Seharian;N/A;N/A;Sangat Tahan Lama (8+ jam);N/A;"The Newest Verom Sang X Perfume for Men, 35 Ml, Has a Fragrant and Long-Lasting Scent";0;0;Rp15.000 ;https://www.lazada.co.id/products/pdp-i18821244298.html
9dc69e4f-c430-46bd-bfb5-99bb8d8d6d5b;Perfume Bundle 4pcs;TERMURAH;Pria;Parfum;N/A;N/A;N/A;N/A;N/A;N/A;N/A;Tahan Lama (4-8 jam);N/A;TERMURAH MINYAK WANGI PRIA MEMIKAT HATI WANITA/PARFUM PRIA PEMIKAT WANITA/FARPUM PRIA WANGI MEMIKAT/100% ORI;0;0;Rp9.000 ;https://www.lazada.co.id/products/pdp-i8386774303.html
a89a5ae5-4659-4956-a770-78d7418ce6f0;Lelabou Perfume Bundle 30ml;Braven;Pria;Eau de Parfum (EDP);N/A;N/A;N/A;N/A;N/A;N/A;N/A;Sangat Tahan Lama (8+ jam);Kuat (Moderate-Heavy);Braven Code EDP Series 100ml - Parfum Pria - Perfume Wangi Tahan Lama - Long Lasting;0;0;Rp41.336 ;https://www.lazada.co.id/products/pdp-i8677710117.html
10cad7f8-5990-4356-8bed-8c9605bf9298;Vanilla Bubblegum Opium Bundle;BELI;Pria;Eau de Parfum (EDP);N/A;N/A;N/A;N/A;N/A;N/A;N/A;Tahan Lama (4-8 jam);Kuat (Moderate-Heavy);BELI 1 GRATIS 3 PARFUM WANGI AWET PRIA DAN WANITA EDP 30ML;0;0;Rp8.500 ;https://www.lazada.co.id/products/pdp-i8257828239.html
5ce195e7-5930-4ba6-9dd0-4d448a430e69;Chocolate Axe Perfume;Beli;Pria;Parfum;N/A;N/A;N/A;N/A;N/A;N/A;N/A;Sangat Tahan Lama (8+ jam);N/A;Beli 1 Gratis 1 Parfum Garuda wangi tahan lama minyak wangi terlaris wanita dan pria;0;0;Rp26.000 ;https://www.lazada.co.id/products/pdp-i8089370811.html
5f11b6e6-b2c7-46a1-9950-5220e745c04b;Miniso Harmony Pure & Sweet;PAKET;Unisex;Parfum;N/A;N/A;N/A;N/A;N/A;N/A;N/A;Tahan Lama (4-8 jam);N/A;PAKET HEMAT 3 PARFUM PR3M1UM 100ML;0;0;Rp21.999 ;https://www.lazada.co.id/products/pdp-i8105766135.html
53cdd8ab-5c47-4c1a-86ac-c9878f216175;Gatsby Prime Body Spray 100ml;FRES;Unisex;Unspecified;N/A;N/A;N/A;Fresh;Pagi / Siang;N/A;N/A;N/A;Sedang (Moderate);FRES & Natural Hijab Refresh 100ml - Minyak Wangi /Pengharum Badan /Fres&Natural;0;0;Rp14.500 ;https://www.lazada.co.id/products/pdp-i8216622735.html
d99d79de-2e6d-4088-ac40-5890eeec0168;Hugo The Scent Man 100ml;(;Pria;Eau de Parfum (EDP);N/A;N/A;N/A;N/A;N/A;N/A;N/A;Sangat Tahan Lama (8+ jam);Kuat (Moderate-Heavy);( BELI 1 DAPAT 2 ) PARFUM ROYAL BLACK OPIUM 35ML PREMIUM / PARFUM PRIA BEST SELLER / PARFUM WANITA BEST SELLER - PARFUM TAHAN LAMA - EAU DE PARFUME;0;0;Rp8.999 ;https://www.lazada.co.id/products/pdp-i8403670910.html
bc1d3121-2c92-4566-b2d1-9ddf24e00aff;Scarlett Velvet Rouge Bundle;Beli;Unisex;Parfum;N/A;N/A;N/A;Oriental;N/A;N/A;N/A;Sangat Tahan Lama (8+ jam);N/A;Beli 1 Dapat 3 Parfum Vanila Cowok Aroma Tahan Lama Heymine Vanilla Cake - Vanillla Mist - Vanilla Popcorn;0;0;Rp8.900 ;https://www.lazada.co.id/products/pdp-i8253080021.html
5dbe317a-e3fc-4812-86c7-ef5ac83b90fb;Evangeline Black Sakura EDT 100ml;Scarlett;Unisex;Extrait de Parfum;N/A;N/A;N/A;N/A;N/A;N/A;N/A;Sangat Tahan Lama (8+ jam);N/A;Scarlett Velvet Rouge (Best Seller!) - Extrait De Parfum 30ml - Unisex -;0;0;Rp9.000 ;https://www.lazada.co.id/products/pdp-i18826127115.html
e543678a-fd78-45cc-93a2-4ffe14e66a56;Bubble Gum Perfume 30ml;Perfume;Pria;Unspecified;N/A;N/A;N/A;N/A;N/A;N/A;N/A;N/A;N/A;Perfume Buy 1 Get 4 (Bundling 4) Best Seller Fragrance Oil Attracts Men and Women;0;0;Rp28.000 ;https://www.lazada.co.id/products/pdp-i8371528134.html
415175cf-caae-4279-8b4d-b17abf052e9c;Vanilla Aroma Perfume;Paket;Pria;Parfum;N/A;N/A;N/A;N/A;N/A;N/A;N/A;Tahan Lama (4-8 jam);N/A;Paket Parfum Lelabou 30 ml paket 4 botol best seller parfum pria dan wanita / perfume unisex bebas pilih aroma by distributor parfume;0;0;Rp38.500 ;https://www.lazada.co.id/products/pdp-i8152268347.html
b9782a9d-132f-474c-a473-21d8afd37bfe;Fresh & Natural Cologne 100ml;Parfum;Pria;Parfum;N/A;N/A;N/A;Oriental;N/A;N/A;N/A;Tahan Lama (4-8 jam);N/A;Parfum Beli 1 Dapat 3 Bundling Vanilla Bubblegum Opium Parfum Pria Wanita;0;0;Rp10.000 ;https://www.lazada.co.id/products/pdp-i8417404478.html
b63dc7cb-2764-43a9-a56c-7635675c3e66;Scarlett Eau Parfum 30ml;Chocolate;Pria;Unspecified;N/A;N/A;N/A;"Fresh, Gourmand";Pagi / Siang;N/A;N/A;Sangat Tahan Lama (8+ jam);Sedang (Moderate);Chocolate Axe Perfume 15-20-30ml Suitable for Men. Fresh and Long-Lasting Fragrance;0;0;Rp9.500 ;https://www.lazada.co.id/products/pdp-i8663154700.html
c049a936-c913-4c93-8e10-8a84de3538cb;Nagita Slavina Black Opium Baccarat;[Beli;Wanita;Eau de Parfum (EDP);N/A;N/A;N/A;Gourmand;N/A;N/A;N/A;Tahan Lama (4-8 jam);Kuat (Moderate-Heavy);[Beli 1 Dapat 2] Miniso Parfume Harmony Pure & Sweet - Parfum Wanita Best Seller Eau de Parfume;0;0;Rp8.500 ;https://www.lazada.co.id/products/pdp-i8353394099.html
8e2b0131-692f-45dc-b571-99a9e5c057a8;Posh Body Spray Women 150ml;Gatsby;Unisex;Unspecified;N/A;N/A;N/A;N/A;N/A;N/A;N/A;N/A;N/A;Gatsby Prime Body Spray Perfume 100 ml;0;0;Rp15.900 ;https://www.lazada.co.id/products/pdp-i7898448867.html
56b64081-7365-45be-873c-1c410a004ee2;Scent Proplayer Dominant Perfume;BAYAR;Pria;Parfum;N/A;N/A;N/A;N/A;N/A;N/A;N/A;Tahan Lama (4-8 jam);N/A;BAYAR DI TEMPAT - PROMO - PARFUM PRIA ORIGINAL IMPORT SINGAPORE - HUGO THE SCENT MAN 100 ML;0;0;Rp65.000 ;https://www.lazada.co.id/products/pdp-i953810534.html
68828b17-19df-450f-a3c4-30c94d32055f;Lovablue Glamor Perfume;SCARLETT;Wanita;Extrait de Parfum;N/A;N/A;N/A;N/A;N/A;N/A;N/A;Sangat Tahan Lama (8+ jam);N/A;SCARLETT BUNDLING ISI 3 PCS Velvet Rouge (BEST SELLER!) - Extrait De Parfum 30ml - Unisex - Parfum Wanita;0;0;Rp25.000 ;https://www.lazada.co.id/products/pdp-i8782382756.html
3475dedf-1ca0-4512-9b48-98551e398d91;Blue Samudra Scaetea Edition;EVANGELINE;Unisex;Eau de Toilette (EDT);N/A;N/A;N/A;N/A;N/A;N/A;N/A;Tahan Lama (4-8 jam);N/A;EVANGELINE BLACK SAKURA PARFUM EDT 100ML - PARFUM EVANGELINE SAKURA BPOM;0;0;Rp29.800 ;https://www.lazada.co.id/products/pdp-i725702282.html
011c29d0-cb5a-417d-95e1-0f4f69a9c17e;Jolicliss Butterfly Era Perfume;Best;Unisex;Unspecified;N/A;N/A;N/A;N/A;N/A;N/A;N/A;N/A;N/A;Best Selling (Buy 1 Get 3 Perfumes) Bubble Gum Perfume 30ml Long Lasting Perfume Clothing Perfume Chewing Gum Perfume;0;0;Rp10.000 ;https://www.lazada.co.id/products/pdp-i18815449530.html
ffd930fc-9690-4c80-95f1-01be643ea3ab;Mecca Arab Fragrance Oil 50ml;Cheapest;Pria;Parfum;N/A;N/A;N/A;Oriental;N/A;N/A;N/A;Tahan Lama (4-8 jam);N/A;Cheapest Viral Trending Package of 3 Bottles | Bundling Parfum Bubblegum - Vanilla Cake - Black Op1Um Parfum Men/Women;0;0;Rp10.500 ;https://www.lazada.co.id/products/pdp-i8643790224.html
f0fcdbdc-d348-4036-a850-ac7afcdc69bf;Lelabo Perfume 35ml;BELI;Pria;Eau de Parfum (EDP);N/A;N/A;N/A;Oriental;N/A;N/A;N/A;Sangat Tahan Lama (8+ jam);Kuat (Moderate-Heavy);BELI 1 GRATIS 1 PARFUM VARIAN AROMA VANILLA - PARFUM PRIA WANITA WANGI TAHAN LAMA - PARFUM TERLARIS NO 1 EDP;0;0;Rp17.000 ;https://www.lazada.co.id/products/pdp-i7933518244.html
9b645fd9-919a-46fc-9635-7a3f4b261e58;Premium Perfume Package 3pcs;Fres;Unisex;Unspecified;N/A;N/A;N/A;Fresh;Pagi / Siang;N/A;N/A;N/A;Sedang (Moderate);Fres and Natural Cologne Refres 100ml | | Fragrance Oil | | Fresh Perfume;0;0;Rp12.990 ;https://www.lazada.co.id/products/pdp-i8083306840.html
d72c6bba-9431-46b1-97a7-3deb28b4fc33;Lelabo Eau De Parfume 35ml;Best;Unisex;Extrait de Parfum;N/A;N/A;N/A;N/A;N/A;N/A;N/A;Sangat Tahan Lama (8+ jam);N/A;Best Seller Scarlett Ea Parfum (Best Seller!) - Extrait De Parfum 30ml - Unisex - Parfum - Luxury Fragrance;0;0;Rp9.850 ;https://www.lazada.co.id/products/pdp-i18823576248.html
75762fcc-cdf5-4b5a-9c71-2d1987b30e2d;Fresh & Natural Cologne;Parfum;Unisex;Parfum;N/A;N/A;N/A;N/A;Seharian;N/A;N/A;Tahan Lama (4-8 jam);N/A;"Parfum NAGITA SLAVINA , BLACK OPIUM , BACCARAT| Parfum Tahan 24 Jam - Parfum unisex";0;0;Rp11.700 ;https://www.lazada.co.id/products/pdp-i8229600060.html
9bb2e63e-ac77-42f6-bc0c-dfc69dab466b;Bubble Gum Perfume 30ml;Perfume;Pria;Unspecified;N/A;N/A;N/A;N/A;N/A;N/A;N/A;N/A;N/A;Perfume Spray/ Posh Body Spray Perfume for Women 150ml;0;0;Rp18.500 ;https://www.lazada.co.id/products/pdp-i8755646448.html
705a7aff-1dcf-468c-8df2-061fe72f1551;Black Opim Perfume 60ml;INSPIRED;Unisex;Extrait de Parfum;N/A;N/A;N/A;N/A;N/A;N/A;N/A;Sangat Tahan Lama (8+ jam);N/A;INSPIRED Scarlett Extrait de Perfume - Parfum Scarlett;0;0;Rp8.800 ;https://www.lazada.co.id/products/pdp-i8782000504.html
730ca629-c732-4fe8-b818-97ee7060195d;Cool Long Lasting Perfume;Buy;Pria;Unspecified;N/A;N/A;N/A;N/A;N/A;N/A;N/A;N/A;N/A;Buy 1 Get 3 Scent Proplayer Dominant Perfume for Men That Attracts Women;0;0;Rp10.000 ;https://www.lazada.co.id/products/pdp-i8409416282.html
fcfe3674-3471-420d-9b5e-b3e57a203c55;Gatsby Prime Body Perfume Spray;Lovablue;Unisex;Unspecified;N/A;N/A;N/A;Fresh;Pagi / Siang;N/A;N/A;Sangat Tahan Lama (8+ jam);Sedang (Moderate);"Lovablue Glamor Influencer Elegant Perfume Has a Fresh, Long-Lasting Fragrance";0;0;Rp10.000 ;https://www.lazada.co.id/products/pdp-i8345938613.html
8f3bf952-0cdd-4a9a-8ccf-4eb799063b30;YSL Libre Women Perfume 90ml;Blue;Unisex;Eau de Parfum (EDP);N/A;N/A;N/A;N/A;N/A;N/A;N/A;Tahan Lama (4-8 jam);Kuat (Moderate-Heavy);"Blue Samudra Scaetea Edition, Cheap Price, Long Lasting Fragrance, Edp 30 ml";0;0;Rp13.000 ;https://www.lazada.co.id/products/pdp-i18836390079.html
a87dc0fa-a0e2-49c8-a327-fbe73e8ea665;Braven Code Cool Water 100ml;Men's;Pria;Unspecified;N/A;N/A;N/A;N/A;N/A;N/A;N/A;N/A;N/A;"Men's Perfume, Fragrant and Long Lasting / Posh Men Body Spray Perfume 150 ml";0;0;Rp19.800 ;https://www.lazada.co.id/products/pdp-i5760448488.html
6a9d31de-4b59-476c-bb34-18f11618c67c;Mixue Perfume Gift Set;Buy;Unisex;Unspecified;N/A;N/A;N/A;N/A;N/A;N/A;N/A;N/A;N/A;Buy 1 Get 3 jolicliss 35 ml butterfly era keep in touch time less love;0;0;Rp28.500 ;https://www.lazada.co.id/products/pdp-i8741342481.html
cba57a6b-3ae8-4feb-8523-647f09833757;Evangeline Black Vanilla;Perfume;Unisex;Unspecified;N/A;N/A;N/A;Woody;N/A;N/A;N/A;N/A;N/A;Perfume Mecca Arab fragrance oil premium 50 ml + gratis roll on 6 ml pure Arabic fragrance complete unisex Kasturi oud Misik Sultan kisswah Hajar Asad aloes Silfer jafaron Bacarat Mediterranean;0;0;Rp8.400 ;https://www.lazada.co.id/products/pdp-i8292356854.html
e9a70e4e-82d7-42cc-a465-75f09b1374f1;Kids Body Mist Perfume 100ml;Lelabo;Unisex;Unspecified;N/A;N/A;N/A;N/A;N/A;N/A;N/A;N/A;N/A;Lelabo Perfume - Unisex Perfume for Girls and Boys - Cheap Perfume - Best Seller Perfume 35ml;0;0;Rp10.500 ;https://www.lazada.co.id/products/pdp-i7910150803.html
64651032-f3e1-4c0b-ac63-cecb575577bc;Scarlett Extrait De Parfum 30ml;PAKET;Unisex;Parfum;N/A;N/A;N/A;N/A;N/A;N/A;N/A;Tahan Lama (4-8 jam);N/A;PAKET 3 PARFUM 100ML PREMIUM;0;0;Rp12.299 ;https://www.lazada.co.id/products/pdp-i8349674498.html
69927428-e674-4625-ae2c-d3c3174696b6;Black Opium Perfume 30ml;Parfum;Pria;Eau de Parfum (EDP);N/A;N/A;N/A;N/A;N/A;N/A;N/A;Sangat Tahan Lama (8+ jam);Kuat (Moderate-Heavy);Parfum Pria Wanita Tahan Lama 35ml Inspired Parfum Lelabo Eau De Parfume;0;0;Rp6.990 ;https://www.lazada.co.id/products/pdp-i8000114722.html
b0f8fa31-2fb7-4e94-b6f6-4b51a6553f7f;Scarletti Memories Dreamy 30ml;Fresh;Unisex;Unspecified;N/A;N/A;N/A;Fresh;Pagi / Siang;N/A;N/A;N/A;Sedang (Moderate);Fresh & Natural Cologne / Perfume 100ml;0;0;Rp10.000 ;https://www.lazada.co.id/products/pdp-i8353792480.html
c0fe3c48-2f7e-4fcc-a9ca-28cfa5770d7f;Camellia Eau De Parfum;PARFUM;Pria;Parfum;N/A;N/A;N/A;N/A;N/A;N/A;N/A;Sangat Tahan Lama (8+ jam);N/A;"PARFUM AROMA PERMEN KARET 30ML BOTOL KOTAK,PARFUM WANITA TAHAN LAMA, PARFUM BUBLE GUM TERLARIS";0;0;Rp12.500 ;https://www.lazada.co.id/products/pdp-i7870818556.html
f3c07363-57f4-43cd-a48a-2318e9cd3377;Taylor Swift & Lelabo Perfume;?BeeBeauty?;Pria;Parfum;N/A;N/A;N/A;N/A;N/A;N/A;N/A;Sangat Tahan Lama (8+ jam);N/A;?BeeBeauty? PARFUM BLACK OPIM 60ML / PARFUM PRIA WANGI TAHAN LAMA / PARFUM BEST SELLER;0;0;Rp3.688 ;https://www.lazada.co.id/products/pdp-i6752962736.html
1d29e92a-cf91-4a3f-97d4-09ce487a3530;Parfum Refill Murah;Cool;Pria;Unspecified;N/A;N/A;N/A;Fresh;Pagi / Siang;N/A;N/A;Sangat Tahan Lama (8+ jam);Sedang (Moderate);Cool long-lasting perfume-fresh perfume-comfortable men's-make perfume;0;0;Rp26.000 ;https://www.lazada.co.id/products/pdp-i1000456643.html
4c85f3d0-7d13-408e-978c-c7e339952137;Al Rehab Non Alcohol Perfume;GATSBY;Unisex;Unspecified;N/A;N/A;N/A;N/A;N/A;N/A;N/A;N/A;N/A;GATSBY Prime Body Perfume Spray 100ml;0;0;Rp13.673 ;https://www.lazada.co.id/products/pdp-i8626650906.html
7d1176c3-0fd2-42b6-a7c4-eeaccc56b1dd;HRNY Side Effect + MR Crush Bundle;Promotion;Unisex;Unspecified;N/A;N/A;N/A;N/A;N/A;N/A;N/A;N/A;N/A;Promotion of 3 Cheapest 300ml Premium Perfume Packages (Saving);0;0;Rp13.556 ;https://www.lazada.co.id/products/pdp-i8401342989.html
401e337d-6d72-477d-8ca0-c04af14807f4;Parfum Refill Tahan Lama;Original;Pria;Unspecified;N/A;N/A;N/A;N/A;N/A;N/A;N/A;N/A;N/A;Original Imported Ysl L1Br3 Women's Perfume 90ml Luxury and Cheap;0;0;Rp37.000 ;https://www.lazada.co.id/products/pdp-i8770156580.html
706982d2-a2ae-452e-9652-796fff740edf;Fresh & Natural Refresh Spray Cologne;Braven;Pria;Unspecified;N/A;N/A;N/A;N/A;N/A;N/A;N/A;N/A;N/A;Braven Code Cool Water 100ml Men's Perfume;0;0;Rp36.500 ;https://www.lazada.co.id/products/pdp-i18831634337.html
85113b2b-735f-49f9-adc4-b66a025a7254;Diamond Roll On Perfume 7ml;Beli;Pria;Parfum;N/A;N/A;N/A;N/A;N/A;N/A;N/A;Sangat Tahan Lama (8+ jam);N/A;Beli 3 Lebih Murah Parfum Aroma Permen Karet / Bublegum | parfum | Parfum cowo tahan lama ori | Parfum cewe tahan lama;0;0;Rp8.900 ;https://www.lazada.co.id/products/pdp-i8303956752.html
6e1fdb38-1271-44be-842d-314a2c89549b;Budiman Perfume Business Package;PARFUM;Unisex;Parfum;N/A;N/A;N/A;N/A;N/A;N/A;N/A;Sangat Tahan Lama (8+ jam);N/A;PARFUM MIXUE BOX ISI 5 TAHAN LAMA - PARFUM GIFT SET TRAVEL SET (30ml x 5);0;0;Rp14.800 ;https://www.lazada.co.id/products/pdp-i7869754210.html
7e86eacc-ea9a-430c-9d67-0149dda01cc9;Taylor Swift Inspired Perfume;Parfum;Unisex;Parfum;N/A;N/A;N/A;Oriental;N/A;N/A;N/A;Tahan Lama (4-8 jam);N/A;Parfum Evangeline Black Vanilla Essential Oil 100 ml;0;0;Rp18.999 ;https://www.lazada.co.id/products/pdp-i8620308125.html
c4a4ce2d-203b-42e3-bbae-b0356fed0eda;Marina Hair & Body Mist 100ml;Parfum;Unisex;Parfum;N/A;N/A;N/A;N/A;N/A;N/A;N/A;Tahan Lama (4-8 jam);N/A;Parfum Anak Bodymist Anak Kids Perfume - 100ML;0;0;Rp11.800 ;https://www.lazada.co.id/products/pdp-i8132242697.html
4aa62a0c-da10-44f8-b61c-cd12c2634c62;Fresh & Natural Hijab Refresh 100ml;Scarlett;Pria;Extrait de Parfum;N/A;N/A;N/A;N/A;N/A;N/A;N/A;Sangat Tahan Lama (8+ jam);N/A;Scarlett Whitening Extrait De Parfum for Men and Women 30 ml;0;0;Rp11.000 ;https://www.lazada.co.id/products/pdp-i18827998322.html
8aa1d381-1364-4e63-8a62-d41c77e03e05;Roll On Perfume Non Alcohol 7ml;Parfum;Pria;Parfum;N/A;N/A;N/A;N/A;N/A;N/A;N/A;Sangat Tahan Lama (8+ jam);N/A;Parfum pria terbaru black opium 30 ml wangi dan tahan lama;0;0;Rp20.000 ;https://www.lazada.co.id/products/pdp-i8079636533.html
01df5d54-c7b0-4ecc-b6b2-4428f9adab84;Lelabo JLO Still Perfume;Scarletti;Unisex;Eau de Parfum (EDP);N/A;N/A;N/A;N/A;N/A;N/A;N/A;Tahan Lama (4-8 jam);Kuat (Moderate-Heavy);Scarletti Whitening Parfum Memories Dreamy 30ml | Scarlett Whitening Eau De Parfume;0;0;Rp9.000 ;https://www.lazada.co.id/products/pdp-i8781004953.html
cdce65c2-00d8-4198-9cd6-780e5c320625;Scarlett Eau De Parfum 30ml;CAMELLIA;Unisex;Eau de Parfum (EDP);N/A;N/A;N/A;N/A;N/A;N/A;N/A;Tahan Lama (4-8 jam);Kuat (Moderate-Heavy);CAMELLIA Eau De Parfum - Minyak Wangi Spray /Pengharum Tubuh /Camellia;0;0;Rp19.500 ;https://www.lazada.co.id/products/pdp-i8221204077.html
c0a7cd3e-bdde-44dc-b2fc-1287b972f49f;Fres & Natural Pink Cupcake / Green Mirage / Midnight Secret / Cotton Dreams;Parfum;Pria;Parfum;N/A;N/A;N/A;N/A;N/A;N/A;N/A;Sangat Tahan Lama (8+ jam);N/A;Parfum wangi Taylor Swift dan parfume le labo best seller pria dan wanita perfume unisex 30 ML tahan lama;0;0;Rp8.989 ;https://www.lazada.co.id/products/pdp-i7730730280.html
57f321b1-b753-4675-be5f-5b9af769d1b5;Scarlett Biru Samudra 30ml;Beli;Pria;Parfum;N/A;N/A;N/A;"Fresh, Gourmand";N/A;N/A;N/A;Tahan Lama (4-8 jam);N/A;Beli 1 Gratis 1 Parfum Anak dan Wanita Pria Segar Manis - 100ML;0;0;Rp22.900 ;https://www.lazada.co.id/products/pdp-i8660574717.html
abd1695f-b65a-4f45-822d-155fe807e7b1;Gentleman Viral Perfume;Bisa;Pria;Parfum;N/A;N/A;N/A;N/A;N/A;N/A;N/A;Sangat Tahan Lama (8+ jam);N/A;Bisa COD Bayar Di Tempat | parfum refil parfum isi ulang parfum murah minyak wangi parfum tahan lama parfum laki laki parfum minyak wangi minyak wangi isi ulang parfum wangi farfum murah perfume parfum wanita;0;0;Rp35.000 ;https://www.lazada.co.id/products/pdp-i5680620377.html
1dfd7192-0f22-4343-931e-020d9d12326d;Ameer Oud Perfume Oil;Parfum;Unisex;Parfum;N/A;N/A;N/A;N/A;N/A;N/A;N/A;Tahan Lama (4-8 jam);N/A;"Parfum Sholat murni tanpa campuran AlkohoI, Minyak Wangi murah 1 Box / 6 Botol, Parfum Alrehab";0;0;Rp21.808 ;https://www.lazada.co.id/products/pdp-i7104804744.html
05945638-0857-457f-89d9-fe35b48f46da;Parfum Inspirasi 50ml;BELI;Pria;Eau de Parfum (EDP);N/A;N/A;N/A;N/A;N/A;N/A;N/A;Tahan Lama (4-8 jam);Kuat (Moderate-Heavy);BELI 1 DAPAT 4 PROMO PARFUM HRNY SIDE EFFECT + MR CRUSH BEST SELLER PRIA ORIGINAL SCENTPLUS - Eau De Parfum 35ml;0;0;Rp27.000 ;https://www.lazada.co.id/products/pdp-i8019632227.html
31ff12ea-0c15-4ff6-8fe2-14604a97a26b;Perfume Refill 30ml;Bisa;Pria;Parfum;N/A;N/A;N/A;N/A;N/A;N/A;N/A;Sangat Tahan Lama (8+ jam);N/A;Bisa cod Parfum Refill tahan lama laki perempuan;0;0;Rp27.000 ;https://www.lazada.co.id/products/pdp-i6570440615.html
a4d7ea63-e65d-4181-a9f6-f1007da77de1;Sweet Lucifer Mr Crush HRNY Side Effect;Parfume;Unisex;Parfum;N/A;N/A;N/A;Fresh;Pagi / Siang;N/A;N/A;Tahan Lama (4-8 jam);Sedang (Moderate);Parfume Fress&Natural Refresh Spray Cologne 100ml - 100% Original Fragrance Oil;0;0;Rp12.950 ;https://www.lazada.co.id/products/pdp-i8146786568.html
a36b1503-6314-4349-bbd5-c2c0bcbbe03b;Scentplus Dominant Elegant;Best-Selling;Pria;Unspecified;N/A;N/A;N/A;N/A;N/A;N/A;N/A;N/A;N/A;Best-Selling 7 ml Non-Alcoholic Diamond Roll-On Perfume for Men & Women;0;0;Rp2.700 ;https://www.lazada.co.id/products/pdp-i7484392847.html
2fcb6115-84b2-4bea-8ebd-9cad94be7cb1;Yessica Long Hours Perfume;Budiman;Pria;Unspecified;N/A;N/A;N/A;N/A;N/A;Office / Formal;N/A;N/A;N/A;Budiman Perfume - Business Package Buy 6 Bottles Discount 23% Men's and Women's Perfume Unisex Perfume;0;0;Rp18.800 ;https://www.lazada.co.id/products/pdp-i8669454916.html
b3dfc619-bbd3-4792-b3f0-dbdbcf9aa187;Body Mist Body Spray 100ml;Women's;Pria;Unspecified;N/A;N/A;N/A;N/A;N/A;N/A;N/A;N/A;N/A;Women's Perfume Inspired by Taylor Swift/Women's Fragrance Oil Non-Alcoholic Premium Long Lasting Fragrance;0;0;Rp49.000 ;https://www.lazada.co.id/products/pdp-i6338980534.html
bfdf8b31-c637-444f-8449-def22255f350;Posh Men Body Spray 150ml;Marina;Pria;Body Mist;N/A;N/A;N/A;N/A;N/A;N/A;N/A;Cepat Hilang (<2 jam);N/A;Marina Hair & Body Mist Women's Perfume 100ml ~ Original 100%;0;0;Rp11.350 ;https://www.lazada.co.id/products/pdp-i8368328661.html
9553f16f-4d80-4d27-8e02-05fdb039927e;Mykonos Inception Extrait De Parfum;Fresh;Unisex;Unspecified;N/A;N/A;N/A;Fresh;Pagi / Siang;N/A;N/A;N/A;Sedang (Moderate);Fresh & Natural Hijab Refresh 100 ml - perfume - Spray Cologne;0;0;Rp12.400 ;https://www.lazada.co.id/products/pdp-i6444844323.html
806166db-2058-4c7d-891a-bf14a8e06092;Victoria Scandalous Secret Perfume;Cheap;Unisex;Unspecified;N/A;N/A;N/A;N/A;N/A;N/A;N/A;N/A;N/A;Cheap perfume roll on 7 ml non alcohol long lasting unisex;0;0;Rp3.500 ;https://www.lazada.co.id/products/pdp-i5622856345.html
045ab6e6-1088-4507-b011-57dce0771068;DNHL Desr Blue 100ml;Best;Unisex;Unspecified;N/A;N/A;N/A;N/A;N/A;N/A;Musim Panas;N/A;N/A;Best seller Perfume promo roll on 7ml non alcohol 100% hot sale murmer price;0;0;Rp2.750 ;https://www.lazada.co.id/products/pdp-i8644842569.html
3eb1e095-9f5d-47cb-b660-c4f617eeb583;Scarlett Whitening Bundling;Parfume;Pria;Parfum;N/A;N/A;N/A;N/A;N/A;N/A;N/A;Tahan Lama (4-8 jam);N/A;Parfume Lelabo JLO Still variant best seller parfum pria dan wanita;0;0;Rp9.900 ;https://www.lazada.co.id/products/pdp-i7730768003.html
fe7831e2-682e-4a3c-922d-9c111324a7be;Bubble Gum Perfume 30ml;Scarlett;Unisex;Eau de Parfum (EDP);N/A;N/A;N/A;N/A;N/A;N/A;N/A;Sangat Tahan Lama (8+ jam);Kuat (Moderate-Heavy);Scarlett Whitening Eau De Parfum 30ml Unisex Tahan Lama;0;0;Rp8.800 ;https://www.lazada.co.id/products/pdp-i8782002488.html
32e18cac-7bdc-416a-880d-c3b1af81a0a0;Posh Women Perfumed Spray Cologne;Fres;Pria;Unspecified;N/A;N/A;N/A;Green;Malam;Party / Night;N/A;N/A;N/A;Fres & Natural Fragrance Oil Pink Cupcake / Green Mirage / Midnight Secret / Cotton Dreams 100ml Cologne - Women's Perfume - Uni Store - Unihstore;0;0;Rp14.290 ;https://www.lazada.co.id/products/pdp-i7421110827.html
99c55414-6506-44bb-ace2-d9bf0c177004;NCO by Hanasui Eau De Perfume;Perfume;Unisex;Extrait de Parfum;N/A;N/A;N/A;N/A;N/A;N/A;N/A;Sangat Tahan Lama (8+ jam);N/A;Perfume Inspired Scarlett Whitening Extrait De Parfum Biru Samudra 30ml;0;0;Rp9.000 ;https://www.lazada.co.id/products/pdp-i18825712687.html
fe3021e4-0494-469f-abf6-542e39e62239;Scarlett Whitening Eau De Parfum 30ml;parfume;Pria;Parfum;N/A;N/A;N/A;N/A;N/A;N/A;N/A;Tahan Lama (4-8 jam);N/A;parfume viral pria gantlemans parfume original;0;0;Rp8.500 ;https://www.lazada.co.id/products/pdp-i8033648976.html
5c13437f-bd01-4d5c-8c25-599a62fa4072;Nagita Slavina EDT Extrait;BELI;Pria;Eau de Toilette (EDT);N/A;N/A;N/A;"Floral, Gourmand";N/A;N/A;N/A;Tahan Lama (4-8 jam);N/A;BELI 1 DAPAT 2 - PARFUM MINISO HARMONY SWEET - PURE EDT 35ML/PARFUM WANGI AROMA BUNGA MANIS KWALITAS PREMIUM;0;0;Rp9.999 ;https://www.lazada.co.id/products/pdp-i8356318403.html
f26455bf-ad65-484b-854c-e2baaaa94686;Nagita Slavina Fresh & Natural 30ml;Pure;Unisex;Unspecified;N/A;N/A;N/A;Woody;N/A;N/A;N/A;N/A;N/A;Pure Non-Alcoholic Ameer Oud Perfume with Long Lasting Fragrance/Amer Oud Music Oil with Long Lasting Fragrance;0;0;Rp24.007 ;https://www.lazada.co.id/products/pdp-i8640486549.html
12ae8df3-a1b6-4f4c-802c-ac2b73f8ecdf;Ballerina Perfume;Parfum;Unisex;Parfum;N/A;N/A;N/A;Fresh;N/A;N/A;N/A;Sangat Tahan Lama (8+ jam);N/A;Parfum Inspirasi 50 ml - Aroma Segar dan Tahan Lama - Perfume Murah Berkualitas - Minyak Wangi Murce;0;0;Rp20.000 ;https://www.lazada.co.id/products/pdp-i8000546413.html
11416a9b-462d-4f9f-9206-6ca612babcdf;Fress & Natural Cologne 100ml;PARFUM;Wanita;Parfum;N/A;N/A;N/A;N/A;N/A;N/A;N/A;Tahan Lama (4-8 jam);N/A;PARFUM REFILL WANITA PRIYA MURAH BERKUALITAS 30ML;0;0;Rp10.000 ;https://www.lazada.co.id/products/pdp-i7941074601.html
f8055e7f-ab98-4a44-93a7-6774ed2f519d;Lovillea Happy Hype Chillin Sunday;Buy;Unisex;Unspecified;N/A;N/A;N/A;Gourmand;N/A;N/A;N/A;N/A;N/A;Buy 1 Get 3 perfume sweet Lucifer Mr crush hrny side effect 35ml;0;0;Rp10.500 ;https://www.lazada.co.id/products/pdp-i7712096492.html
745ad61b-a19c-4459-93bb-8e6b7085f3c6;Jayrosse Viral Perfume;parfume;Unisex;Parfum;N/A;N/A;N/A;Fresh;Pagi / Siang;N/A;N/A;Sangat Tahan Lama (8+ jam);Sedang (Moderate);parfume scentplus DOMINANT ELEGAN wangi fresh tahan lama;0;0;Rp10.000 ;https://www.lazada.co.id/products/pdp-i8285540148.html
4471a0df-0c0a-4772-a7aa-82ea70c6a4cb;Miniso Pink Romance Perfume;PARFUM;Unisex;Parfum;N/A;N/A;N/A;N/A;N/A;N/A;N/A;Sangat Tahan Lama (8+ jam);N/A;PARFUM TRENDING YESSICA� LONG HOURS PARFUME | YESSICA PARFUM TAHAN LAMA;0;0;Rp16.000 ;https://www.lazada.co.id/products/pdp-i8614640047.html
c0b4c572-10bc-4cb2-abb8-1f29208054f7;Bebliss Body Mist 100ml;??BODY;Unisex;Body Mist;N/A;N/A;N/A;N/A;N/A;N/A;N/A;Cepat Hilang (<2 jam);N/A;??BODY MIST/BODY SPRAY 100ML -inspired perfume unisex;0;0;Rp11.999 ;https://www.lazada.co.id/products/pdp-i8389242622.html
ebf2b111-231e-48f1-ae10-de7e2d418c5e;Eskulin Cologne Gel;Posh;Pria;Parfum;N/A;N/A;N/A;N/A;N/A;N/A;N/A;Tahan Lama (4-8 jam);N/A;Posh Men Parfum Body Spray/Original/150Ml/Bpom;0;0;Rp18.000 ;https://www.lazada.co.id/products/pdp-i7930106338.html
a718431e-385c-41f2-9c17-5621cd308331;Lelabo Perfume 35ml;Cheap;Unisex;Unspecified;N/A;N/A;N/A;N/A;N/A;N/A;N/A;N/A;N/A;Cheap perfume 7ml roll on non alcohol unit/PCs unisex;0;0;Rp3.500 ;https://www.lazada.co.id/products/pdp-i7576630897.html
47cb32b8-bfb6-47d2-a0e9-b3a4787a7ab7;Parfum Unisex 35ml EDP;Mykonos;Unisex;Extrait de Parfum;N/A;N/A;N/A;N/A;N/A;N/A;N/A;Sangat Tahan Lama (8+ jam);N/A;Mykonos - Inception Extrait De Parfum 50ml & 100ml;0;0;Rp88.900 ;https://www.lazada.co.id/products/pdp-i18832929721.html
86af2b2c-cba2-421a-b5ec-754fb7257d44;Parfum Buah Segar;Victoria;Pria;Unspecified;N/A;N/A;N/A;N/A;N/A;N/A;N/A;N/A;N/A;Victoria Scandalous Sceret Women's Perfume/Refill Perfume Oil Premium Spray Non Alcohol Long Lasting Fragrance;0;0;Rp35.000 ;https://www.lazada.co.id/products/pdp-i6069110222.html
85de20b4-dd29-44a8-9862-596d0c4b1221;Roll On Perfume 7ml;TERBARU;Pria;Parfum;N/A;N/A;N/A;N/A;N/A;N/A;N/A;Tahan Lama (4-8 jam);N/A;TERBARU PROMO MURAH MERIAH PARFUM PRIA TERBAIK DNHL DESR BLUE 100 ML COD;0;0;Rp19.850 ;https://www.lazada.co.id/products/pdp-i8201442096.html
218f73de-e28c-40cb-8a2a-bb6a10ef5195;Bohe Ladyboss Extrait De Parfum;Scarlet;Unisex;Eau de Parfum (EDP);N/A;N/A;N/A;N/A;N/A;N/A;N/A;Tahan Lama (4-8 jam);Kuat (Moderate-Heavy);Scarlet whitening eau de parfum - paket bundling;0;0;Rp20.000 ;https://www.lazada.co.id/products/pdp-i8722980629.html
c01048c9-3794-45df-ad80-600f75d806e1;Fres & Natural Spray Cologne 2x100ml;PARFUM;Pria;Parfum;N/A;N/A;N/A;N/A;N/A;N/A;N/A;Tahan Lama (4-8 jam);N/A;"PARFUM AROMA PERMEN KARET 30ML BOTOL KOTAK, PARFUM BUBLE GUM TERLARIS";0;0;Rp9.000 ;https://www.lazada.co.id/products/pdp-i8168194069.html
d7798545-5ee2-4f68-8c7e-a089890bbcdd;Bubblegum Vanilla Cake Royal Black Opium Bundle;Posh;Pria;Unspecified;N/A;N/A;N/A;N/A;N/A;N/A;N/A;N/A;N/A;Posh Perfumed Spray Cologne Women 150ml Fragrance Oil Spray;0;0;Rp19.500 ;https://www.lazada.co.id/products/pdp-i7384742655.html
a3c04588-075f-49f6-92d8-223bda6fdfcd;LOVILLEA Happy Hype Chillin Sunday;Nco;Pria;Unspecified;N/A;N/A;N/A;N/A;N/A;N/A;N/A;N/A;N/A;Nco by Hanasui Eau De Perfume - Luxurious Fragrance Perfume Eau De Perfume for Women Long Lasting Fragrance;0;0;Rp32.920 ;https://www.lazada.co.id/products/pdp-i8785238907.html
a260a07d-69f4-45ba-972c-6ae0581f09f6;Scarlett Dreamy / Sweet Memories / Euphoria / Velvet Rouge / Biru Samudra / Banana Fusion / Caramel Latte / Garden of Whisper / Jolly;SCARLETT;Unisex;Eau de Parfum (EDP);N/A;N/A;N/A;N/A;N/A;N/A;N/A;Tahan Lama (4-8 jam);Kuat (Moderate-Heavy);SCARLETT WHITENING EAU DE PARFUM (EDP) 30ML SERIES ( READY ALL VARIAN AROMA );0;0;Rp9.900 ;https://www.lazada.co.id/products/pdp-i8782422303.html
0ec55c39-129b-4681-90ad-7fbfce75fa76;H Scandal Perfume;TERLARIS;Wanita;Extrait de Parfum;N/A;N/A;N/A;N/A;N/A;N/A;N/A;Sangat Tahan Lama (8+ jam);N/A;TERLARIS PARFUM NAGITA SLAVINA PARFUM EDT EXTRAIT PARFUM WANITA BERKUALITAS;0;0;Rp9.820 ;https://www.lazada.co.id/products/pdp-i7612204822.html
086e2b08-fb8e-484f-84ae-ce3a709e4e2d;Garuda Perfume Thailand Kasturi;Parfume;Wanita;Parfum;N/A;N/A;N/A;Fresh;Pagi / Siang;N/A;N/A;Sangat Tahan Lama (8+ jam);Sedang (Moderate);Parfume Wanita Nagita Slavina Parfum Wanita Fresh & Natural Wangi Tahan Lama Isi 30.ML;0;0;Rp7.000 ;https://www.lazada.co.id/products/pdp-i8350468928.html
54059d94-8e63-4b12-9d37-ddb277d5d601;Scarlett Ocean Blue 30ml;BELI;Wanita;Parfum;N/A;N/A;N/A;N/A;N/A;N/A;N/A;Tahan Lama (4-8 jam);N/A;BELI 1 DAPAT 2 Parfum Wanita Parfum Ballerina Parfum Cewek Perempuan [ ORIGINAL + BOX ORIGINAL ];0;0;Rp8.000 ;https://www.lazada.co.id/products/pdp-i8012042158.html
12c23544-6efb-41aa-81cd-633e734507c4;Scarlett Inspired Extrait De Parfum 30ml;FRESS;Unisex;Parfum;N/A;N/A;N/A;Fresh;Pagi / Siang;N/A;N/A;Tahan Lama (4-8 jam);Sedang (Moderate);FRESS & NATURAL PARFUM COLOGNE BOTOL 100ML / HIJAB REFRESH;0;0;Rp12.999 ;https://www.lazada.co.id/products/pdp-i8012230373.html
44c9b673-d207-495d-9d86-1478761da491;Fres & Natural Perfume 100ml;Lovillea;Unisex;Body Mist;N/A;N/A;N/A;N/A;Pagi / Siang;N/A;N/A;Tahan Lama (4-8 jam);N/A;Lovillea Happy Hype Parfum Body Mist Chillin Sunday 100ml;0;0;Rp12.800 ;https://www.lazada.co.id/products/pdp-i7936858559.html
4193b261-0d08-470c-800f-57f402043d4d;Fres & Natural Spray 100ml;Parfum;Unisex;Parfum;N/A;N/A;N/A;Floral;N/A;N/A;N/A;Tahan Lama (4-8 jam);N/A;Parfum Jayrosse Viral Parfum Pemikat Best Seller Jayrose Viral Tiktok Grey Rouge Noah Luke 30ml;0;0;Rp5.799 ;https://www.lazada.co.id/products/pdp-i6585756030.html
99af6a91-17b8-40b4-ab26-5ba95ee4e936;Best Seller EDP 30ml;?;Pria;Parfum;N/A;N/A;N/A;Gourmand;N/A;Sport / Outdoor;N/A;Tahan Lama (4-8 jam);N/A;? Cheapest Miniso Pink Romance Parfum Ballerina Perfume 30ml Viral Perfume Attractive Perfume Long Lasting Women's Perfume Best Selling Perfume | Sweet Girl Perfume;0;0;Rp14.900 ;https://www.lazada.co.id/products/pdp-i8705206230.html
bc2eb648-5435-4af1-921e-7a092f1ed3aa;Dobha Roll On Perfume 6ml;BEBLISS;Unisex;Body Mist;N/A;N/A;N/A;N/A;N/A;N/A;N/A;Sangat Tahan Lama (8+ jam);N/A;BEBLISS Body Mist Parfume 100ml Spray Tahan Lama;0;0;Rp11.000 ;https://www.lazada.co.id/products/pdp-i8632870666.html
6472794e-20bd-4c8a-a629-d84736fd6231;Perfume 30ml Men & Women;Eskulin;Pria;Unspecified;N/A;N/A;N/A;N/A;N/A;N/A;N/A;N/A;N/A;Eskulin Cologne gel 50 ml / 100 ml with moisturizer-women's gel perfume;0;0;Rp12.750 ;https://www.lazada.co.id/products/pdp-i7609468313.html
580aa84b-7ae3-4721-877c-e61ff641636e;Miniso Harmony Pure & Sweet Candy EDT;Parfum;Pria;Parfum;N/A;N/A;N/A;N/A;N/A;N/A;N/A;Sangat Tahan Lama (8+ jam);N/A;Parfum Lelabo 35ml Tahan Lama Pria Wanita | Parfum Best Seller | Pafum Terlaris Unisex;0;0;Rp8.900 ;https://www.lazada.co.id/products/pdp-i7910128895.html
08b3f87d-9505-4293-badd-e9b87a67c61c;Bebliss Body Mist BPOM;PARFUM;Unisex;Eau de Parfum (EDP);N/A;N/A;N/A;N/A;N/A;N/A;N/A;Tahan Lama (4-8 jam);Kuat (Moderate-Heavy);PARFUM TERLARIS NO 1 | Parfum Unisex 35 ML EDP;0;0;Rp9.000 ;https://www.lazada.co.id/products/pdp-i7986060380.html
c860a3c8-d79f-42e5-aa44-5c365a2adfdc;Nagita Slavina Sakura Blossom 30ml;Parfum;Unisex;Parfum;N/A;N/A;N/A;"Fresh, Fruity";N/A;N/A;N/A;Sangat Tahan Lama (8+ jam);N/A;Parfum Buah Segar Wangi Lembut Dan Tahan Lama Bisa COD;0;0;Rp10.000 ;https://www.lazada.co.id/products/pdp-i4410184181.html
90150466-5c65-4a6b-8a93-d9ada777b6f3;Vanilla Susu Perfume;Cheap;Unisex;Unspecified;N/A;N/A;N/A;N/A;N/A;N/A;N/A;N/A;N/A;Cheap Perfume Roll on 7ml Non Alcohol Unisex Unit of 1 Dus 30 Scents;0;0;Rp3.500 ;https://www.lazada.co.id/products/pdp-i8339398940.html
f5d344e9-a72c-4118-88d8-3def13f039e1;Vanilla Caramel Chocolate Vanilla Bundle;Terlaris;Pria;Extrait de Parfum;N/A;N/A;N/A;N/A;N/A;N/A;N/A;Sangat Tahan Lama (8+ jam);N/A;Terlaris No.1 | BOHE Parfums Ladyboss - Woman - Extrait de Parfum - Royal Essence A1;0;0;Rp12.000 ;https://www.lazada.co.id/products/pdp-i18833227108.html
507e6e8a-e424-4602-9244-d9fe721b7f39;Fres & Natural Parfum Spray Cologne 2 X 100 ml (2 Pcs);Fres;Unisex;Parfum;N/A;N/A;N/A;N/A;N/A;N/A;N/A;Tahan Lama (4-8 jam);N/A;Fres & Natural Parfum Spray Cologne 2 X 100 ml (2 Pcs);0;0;Rp23.000 ;https://www.lazada.co.id/products/pdp-i7732014589.html
60df34da-e2f3-49be-bb8a-5d3c76fe5295;PARFUM TERLARIS NO.1 TERMURAH PAKET 3 BOTOL | BUNDLING PARFUM BUBBLEGUM - VANILLA CAKE - ROYAL BLACK OPIUM PARFUM PRIA/WANITA 30 ML;PARFUM;Pria;Parfum;N/A;N/A;N/A;Oriental;N/A;N/A;N/A;Tahan Lama (4-8 jam);N/A;PARFUM TERLARIS NO.1 TERMURAH PAKET 3 BOTOL | BUNDLING PARFUM BUBBLEGUM - VANILLA CAKE - ROYAL BLACK OPIUM PARFUM PRIA/WANITA 30 ML;0;0;Rp9.000 ;https://www.lazada.co.id/products/pdp-i8299014605.html
90d66819-6966-462c-8d9c-3d474b7f733d;LOVILLEA Happy Hype Parfum Body Mist Chillin Sunday 100ml;LOVILLEA;Unisex;Body Mist;N/A;N/A;N/A;N/A;Pagi / Siang;N/A;N/A;Tahan Lama (4-8 jam);N/A;LOVILLEA Happy Hype Parfum Body Mist Chillin Sunday 100ml;0;0;Rp13.600 ;https://www.lazada.co.id/products/pdp-i8661466302.html
215fad7d-caa9-4072-a85d-09d54f4b35d6;Scarlett Whitening Extrait De Parfume 30ml - Parfum Wangi Soft Tahan Lama Best Seller - Dreamy / Sweet Memories / Euphoria / Velvet Rouge / Biru Samudra / Banana Fusion / Caramel Latte / Garden of Whisper / Jolly / Wanita / Pria inspired tanpa dus;Scarlett;Pria;Extrait de Parfum;N/A;N/A;N/A;Gourmand;N/A;N/A;N/A;Sangat Tahan Lama (8+ jam);Dekat (Skin Scent);Scarlett Whitening Extrait De Parfume 30ml - Parfum Wangi Soft Tahan Lama Best Seller - Dreamy / Sweet Memories / Euphoria / Velvet Rouge / Biru Samudra / Banana Fusion / Caramel Latte / Garden of Whisper / Jolly / Wanita / Pria inspired tanpa dus;0;0;Rp9.900 ;https://www.lazada.co.id/products/pdp-i8778974420.html
5b021f10-8b80-4866-bd2b-69bbab5c9fa7;Parfum H Scandal Parfume Wanita Tahan Lama Pafrum Viral;Parfum;Wanita;Parfum;N/A;N/A;N/A;N/A;N/A;N/A;N/A;Sangat Tahan Lama (8+ jam);N/A;Parfum H Scandal Parfume Wanita Tahan Lama Pafrum Viral;0;0;Rp8.999 ;https://www.lazada.co.id/products/pdp-i7712198003.html
2b811d28-587f-48e5-b2ce-b36d4a93368b;PARFUM GARUDA MINYAK WANGI TAHAN LAMA WANGI LEMBUT COCOK PRIA WANITA BODY WANGI SEPANJANG HARI BRASOV THAILAN KASTURI SOVENIR HADIAH OLEH OLEH;PARFUM;Pria;Parfum;N/A;N/A;N/A;N/A;N/A;N/A;N/A;Sangat Tahan Lama (8+ jam);N/A;PARFUM GARUDA MINYAK WANGI TAHAN LAMA WANGI LEMBUT COCOK PRIA WANITA BODY WANGI SEPANJANG HARI BRASOV THAILAN KASTURI SOVENIR HADIAH OLEH OLEH;0;0;Rp13.000 ;https://www.lazada.co.id/products/pdp-i4880540405.html
945a46a3-93db-43cb-8c18-6da721292a79;Scarlett Whitening Extrait De Parfum Ocean Blue 30 ml;Scarlett;Unisex;Extrait de Parfum;N/A;N/A;N/A;N/A;N/A;N/A;N/A;Sangat Tahan Lama (8+ jam);N/A;Scarlett Whitening Extrait De Parfum Ocean Blue 30 ml;0;0;Rp11.000 ;https://www.lazada.co.id/products/pdp-i18827992674.html
51ee4c47-eb90-4cac-9ea3-2a128e20dbaa;TERLARIS NO 1 Parfum Scarlett Inspired 30ml � Extrait de Parfum Tahan Lama Soft Aroma;TERLARIS;Unisex;Extrait de Parfum;N/A;N/A;N/A;N/A;N/A;N/A;N/A;Sangat Tahan Lama (8+ jam);Dekat (Skin Scent);TERLARIS NO 1 Parfum Scarlett Inspired 30ml � Extrait de Parfum Tahan Lama Soft Aroma;0;0;Rp14.500 ;https://www.lazada.co.id/products/pdp-i18820972116.html
26e7e1e4-f0af-4135-85d2-248d2508fc89;Fres & Natural Parfume 100 ml;Fres;Unisex;Parfum;N/A;N/A;N/A;N/A;N/A;N/A;N/A;Tahan Lama (4-8 jam);N/A;Fres & Natural Parfume 100 ml;0;0;Rp11.750 ;https://www.lazada.co.id/products/pdp-i8267842189.html
14a10b02-0596-452b-b2ed-c49de88f5545;Fres & Natural Parfum Spray All Varian 100ml;Fres;Unisex;Parfum;N/A;N/A;N/A;N/A;N/A;N/A;N/A;Tahan Lama (4-8 jam);N/A;Fres & Natural Parfum Spray All Varian 100ml;0;0;Rp13.000 ;https://www.lazada.co.id/products/pdp-i7683176888.html
72ab3633-f07d-46bb-af7a-90311dc56ba5;BUY 1 GET 4 PARFUM AROMA BEST SELLER EDP 30ML;BUY;Unisex;Eau de Parfum (EDP);N/A;N/A;N/A;N/A;N/A;N/A;N/A;Tahan Lama (4-8 jam);Kuat (Moderate-Heavy);BUY 1 GET 4 PARFUM AROMA BEST SELLER EDP 30ML;0;0;Rp29.999 ;https://www.lazada.co.id/products/pdp-i8257806921.html
1e4aefaf-c469-4e91-9dd1-827913ffaf85;Dobha Perfume 6ml Roll on Best Seller Aroma / Non-Alcoholic Dobha Fragrance Oil;Dobha;Unisex;Unspecified;N/A;N/A;N/A;N/A;N/A;N/A;N/A;N/A;N/A;Dobha Perfume 6ml Roll on Best Seller Aroma / Non-Alcoholic Dobha Fragrance Oil;0;0;Rp12.500 ;https://www.lazada.co.id/products/pdp-i5990714003.html
20224f2f-7a00-4b44-822d-d2885d3b5588;Men's and Women's Perfume 30ml;Men's;Pria;Unspecified;N/A;N/A;N/A;N/A;N/A;N/A;N/A;N/A;N/A;Men's and Women's Perfume 30ml;0;0;Rp12.500 ;https://www.lazada.co.id/products/pdp-i538818725.html
cfecfabf-fab7-41cc-9289-346aba432aeb;PROMO 2 PCS Parfum Miniso Harmony Pure & Sweet Candy Eau De Toilette Prilly Pemikat Wanita Pria Bikin Nafsu Tahan Lama Wanginya Wangi 24 Jam Segar Parfum Viral Biar Cewek Nempel Part 3;PROMO;Pria;Eau de Toilette (EDT);N/A;N/A;N/A;"Fresh, Gourmand";Seharian;N/A;N/A;Sangat Tahan Lama (8+ jam);N/A;PROMO 2 PCS Parfum Miniso Harmony Pure & Sweet Candy Eau De Toilette Prilly Pemikat Wanita Pria Bikin Nafsu Tahan Lama Wanginya Wangi 24 Jam Segar Parfum Viral Biar Cewek Nempel Part 3;0;0;Rp8.000 ;https://www.lazada.co.id/products/pdp-i8620918974.html
6cef2b91-0ce5-4b33-a60f-3801ca310e9d;(ECER) BEBLISS Body Mist Parfume 100ml Spray Tahan Lama BPOM;(ECER);Unisex;Body Mist;N/A;N/A;N/A;N/A;N/A;N/A;N/A;Sangat Tahan Lama (8+ jam);N/A;(ECER) BEBLISS Body Mist Parfume 100ml Spray Tahan Lama BPOM;0;0;Rp13.999 ;https://www.lazada.co.id/products/pdp-i8201212941.html
15314560-5997-4d2d-868f-1d5341acac4a;?BeeBeauty? PARFUM NAGITA SLAVINA 30ML SAKURA BLOSSOM / PARFUM NAGITA SLAVINA SPECIAL EDITION;?BeeBeauty?;Unisex;Parfum;N/A;N/A;N/A;N/A;N/A;N/A;N/A;Tahan Lama (4-8 jam);N/A;?BeeBeauty? PARFUM NAGITA SLAVINA 30ML SAKURA BLOSSOM / PARFUM NAGITA SLAVINA SPECIAL EDITION;0;0;Rp3.688 ;https://www.lazada.co.id/products/pdp-i6768672356.html
2355f845-5e18-4d51-9c9e-594ef1bad842;Parfum Vanilla susu/parfum wanita/parfum tahan lama/parfum refill non alkohol;Parfum;Wanita;Parfum;N/A;N/A;N/A;Oriental;N/A;N/A;N/A;Sangat Tahan Lama (8+ jam);N/A;Parfum Vanilla susu/parfum wanita/parfum tahan lama/parfum refill non alkohol;0;0;Rp45.000 ;https://www.lazada.co.id/products/pdp-i4789468042.html
b66ee6dc-f1b0-4fe7-89b8-16b80f1f6890;PROMO TERLARIS BELI 1 DAPAT 3 PARFUM VANILLA - VANILLA CARAMEL - CHOCOLATE VANILLA - PARFUM PRIA WANITA TERLARIS NO 1;PROMO;Pria;Parfum;N/A;N/A;N/A;"Oriental, Gourmand";N/A;N/A;N/A;Tahan Lama (4-8 jam);N/A;PROMO TERLARIS BELI 1 DAPAT 3 PARFUM VANILLA - VANILLA CARAMEL - CHOCOLATE VANILLA - PARFUM PRIA WANITA TERLARIS NO 1;0;0;Rp19.500 ;https://www.lazada.co.id/products/pdp-i7994522893.html
